Date,Close
2016-01-04,23.709108352661133
2016-01-05,23.11496925354004
2016-01-06,22.662612915039062
2016-01-07,21.70615577697754
2016-01-08,21.82093048095703
2016-01-11,22.174257278442383
2016-01-12,22.496078491210938
2016-01-13,21.917699813842773
2016-01-14,22.397056579589844
2016-01-15,21.859189987182617
2016-01-19,21.7534122467041
2016-01-20,21.782669067382812
2016-01-21,21.67239761352539
2016-01-22,22.82465171813965
2016-01-25,22.37905502319336
2016-01-26,22.502826690673828
2016-01-27,21.024246215820312
2016-01-28,21.175029754638672
2016-01-29,21.906444549560547
2016-02-01,21.70164680480957
2016-02-02,21.262798309326172
2016-02-03,21.68364143371582
2016-02-04,21.85787582397461
2016-02-05,21.274091720581055
2016-02-08,21.498106002807617
2016-02-09,21.493579864501953
2016-02-10,21.330657958984375
2016-02-11,21.201684951782227
2016-02-12,21.267303466796875
2016-02-16,21.866926193237305
2016-02-17,22.201812744140625
2016-02-18,21.78094482421875
2016-02-19,21.73116683959961
2016-02-22,21.921232223510742
2016-02-23,21.425695419311523
2016-02-24,21.744741439819336
2016-02-25,21.894079208374023
2016-02-26,21.928024291992188
2016-02-29,21.878238677978516
2016-03-01,22.747121810913086
2016-03-02,22.79690170288086
2016-03-03,22.96660614013672
2016-03-04,23.308273315429688
2016-03-07,23.050331115722656
2016-03-08,22.860261917114258
2016-03-09,22.880626678466797
2016-03-10,22.891935348510742
2016-03-11,23.138572692871094
2016-03-14,23.197399139404297
2016-03-15,23.663524627685547
2016-03-16,23.978042602539062
2016-03-17,23.93958282470703
2016-03-18,23.96672821044922
2016-03-21,23.96446418762207
2016-03-22,24.147748947143555
2016-03-23,24.01424217224121
2016-03-24,23.91016387939453
2016-03-28,23.801549911499023
2016-03-29,24.36496353149414
2016-03-30,24.790367126464844
2016-03-31,24.661392211914062
2016-04-01,24.88765525817871
2016-04-04,25.143339157104492
2016-04-05,24.846925735473633
2016-04-06,25.107139587402344
2016-04-07,24.55956268310547
2016-04-08,24.586711883544922
2016-04-11,24.668176651000977
2016-04-12,24.98948097229004
2016-04-13,25.351511001586914
2016-04-14,25.36508560180664
2016-04-15,24.855976104736328
2016-04-18,24.31971549987793
2016-04-19,24.19074058532715
2016-04-20,24.240514755249023
2016-04-21,23.978042602539062
2016-04-22,23.912431716918945
2016-04-25,23.776660919189453
2016-04-26,23.611482620239258
2016-04-27,22.133922576904297
2016-04-28,21.457372665405273
2016-04-29,21.210737228393555
2016-05-02,21.1881160736084
2016-05-03,21.536569595336914
2016-05-04,21.31256103515625
2016-05-05,21.22605323791504
2016-05-06,21.107677459716797
2016-05-09,21.12360954284668
2016-05-10,21.267026901245117
2016-05-11,21.05986976623535
2016-05-12,20.565868377685547
2016-05-13,20.606847763061523
2016-05-16,21.371746063232422
2016-05-17,21.2829647064209
2016-05-18,21.526546478271484
2016-05-19,21.444599151611328
2016-05-20,21.676799774169922
2016-05-23,21.952253341674805
2016-05-24,22.28689956665039
2016-05-25,22.678462982177734
2016-05-26,22.858299255371094
2016-05-27,22.844636917114258
2016-05-31,22.733104705810547
2016-06-01,22.41438102722168
2016-06-02,22.24592399597168
2016-06-03,22.29145622253418
2016-06-06,22.45308494567871
2016-06-07,22.544139862060547
2016-06-08,22.523649215698242
2016-06-09,22.685287475585938
2016-06-10,22.49860954284668
2016-06-13,22.15941619873047
2016-06-14,22.18673324584961
2016-06-15,22.11388397216797
2016-06-16,22.207229614257812
2016-06-17,21.70184326171875
2016-06-20,21.649478912353516
2016-06-21,21.833877563476562
2016-06-22,21.751924514770508
2016-06-23,21.877132415771484
2016-06-24,21.26247787475586
2016-06-27,20.95287322998047
2016-06-28,21.30573272705078
2016-06-29,21.490129470825195
2016-06-30,21.763303756713867
2016-07-01,21.829322814941406
2016-07-05,21.62444305419922
2016-07-06,21.74736976623535
2016-07-07,21.84070587158203
2016-07-08,22.0091609954834
2016-07-11,22.077463150024414
2016-07-12,22.177629470825195
2016-07-13,22.05242347717285
2016-07-14,22.489500045776367
2016-07-15,22.487228393554688
2016-07-18,22.72626495361328
2016-07-19,22.73536491394043
2016-07-20,22.75585174560547
2016-07-21,22.63520050048828
2016-07-22,22.45991325378418
2016-07-25,22.15941619873047
2016-07-26,22.00688934326172
2016-07-27,23.436527252197266
2016-07-28,23.752965927124023
2016-07-29,23.723365783691406
2016-08-01,24.142244338989258
2016-08-02,23.784828186035156
2016-08-03,24.08306121826172
2016-08-04,24.231834411621094
2016-08-05,24.600330352783203
2016-08-08,24.804031372070312
2016-08-09,24.904743194580078
2016-08-10,24.719350814819336
2016-08-11,24.703330993652344
2016-08-12,24.76055145263672
2016-08-15,25.058094024658203
2016-08-16,25.03520965576172
2016-08-17,24.99858856201172
2016-08-18,24.966543197631836
2016-08-19,25.030628204345703
2016-08-22,24.836088180541992
2016-08-23,24.91390037536621
2016-08-24,24.726219177246094
2016-08-25,24.620927810668945
2016-08-26,24.47673797607422
2016-08-29,24.449268341064453
2016-08-30,24.261581420898438
2016-08-31,24.284469604492188
2016-09-01,24.42867088317871
2016-09-02,24.65755271911621
2016-09-06,24.65068244934082
2016-09-07,24.80175018310547
2016-09-08,24.15172004699707
2016-09-09,23.604692459106445
2016-09-12,24.133411407470703
2016-09-13,24.707904815673828
2016-09-14,25.582239151000977
2016-09-15,26.451993942260742
2016-09-16,26.30321502685547
2016-09-19,25.99651527404785
2016-09-20,25.994230270385742
2016-09-21,25.98965072631836
2016-09-22,26.23455047607422
2016-09-23,25.79738998413086
2016-09-26,25.836294174194336
2016-09-27,25.88435935974121
2016-09-28,26.08119773864746
2016-09-29,25.676074981689453
2016-09-30,25.875213623046875
2016-10-03,25.753896713256836
2016-10-04,25.863758087158203
2016-10-05,25.875213623046875
2016-10-06,26.067474365234375
2016-10-07,26.10637664794922
2016-10-10,26.561857223510742
2016-10-11,26.61907958984375
2016-10-12,26.857114791870117
2016-10-13,26.774721145629883
2016-10-14,26.923494338989258
2016-10-17,26.905181884765625
2016-10-18,26.886871337890625
2016-10-19,26.806760787963867
2016-10-20,26.793027877807617
2016-10-21,26.687740325927734
2016-10-24,26.928068161010742
2016-10-25,27.065399169921875
2016-10-26,26.456573486328125
2016-10-27,26.202510833740234
2016-10-28,26.028564453125
2016-10-31,25.98736000061035
2016-11-01,25.518146514892578
2016-11-02,25.54103660583496
2016-11-03,25.267263412475586
2016-11-04,25.039512634277344
2016-11-07,25.40070343017578
2016-11-08,25.550243377685547
2016-11-09,25.508838653564453
2016-11-10,24.797956466674805
2016-11-11,24.945188522338867
2016-11-14,24.319429397583008
2016-11-15,24.641511917114258
2016-11-16,25.3040771484375
2016-11-17,25.294870376586914
2016-11-18,25.3201847076416
2016-11-21,25.704381942749023
2016-11-22,25.72048568725586
2016-11-23,25.5893497467041
2016-11-25,25.718183517456055
2016-11-28,25.667564392089844
2016-11-29,25.642269134521484
2016-11-30,25.426013946533203
2016-12-01,25.18904685974121
2016-12-02,25.28337287902832
2016-12-05,25.10163116455078
2016-12-06,25.294870376586914
2016-12-07,25.5433349609375
2016-12-08,25.79410171508789
2016-12-09,26.21510887145996
2016-12-12,26.065570831298828
2016-12-13,26.500381469726562
2016-12-14,26.500381469726562
2016-12-15,26.645322799682617
2016-12-16,26.679824829101562
2016-12-19,26.833967208862305
2016-12-20,26.90528678894043
2016-12-21,26.930593490600586
2016-12-22,26.753446578979492
2016-12-23,26.80635643005371
2016-12-27,26.976606369018555
2016-12-28,26.861574172973633
2016-12-29,26.854665756225586
2016-12-30,26.645322799682617
2017-01-03,26.721235275268555
2017-01-04,26.691328048706055
2017-01-05,26.827064514160156
2017-01-06,27.12613868713379
2017-01-09,27.374595642089844
2017-01-10,27.402212142944336
2017-01-11,27.549448013305664
2017-01-12,27.434419631958008
2017-01-13,27.386110305786133
2017-01-17,27.606958389282227
2017-01-18,27.60466194152832
2017-01-19,27.55634307861328
2017-01-20,27.606958389282227
2017-01-23,27.625370025634766
2017-01-24,27.600059509277344
2017-01-25,28.039470672607422
2017-01-26,28.053274154663086
2017-01-27,28.055572509765625
2017-01-30,27.981952667236328
2017-01-31,27.91753578186035
2017-02-01,29.61996841430664
2017-02-02,29.56935691833496
2017-02-03,29.695884704589844
2017-02-06,29.97425651550293
2017-02-07,30.2595272064209
2017-02-08,30.37685203552246
2017-02-09,30.596364974975586
2017-02-10,30.527040481567383
2017-02-13,30.797372817993164
2017-02-14,31.19710922241211
2017-02-15,31.310321807861328
2017-02-16,31.27334976196289
2017-02-17,31.35883140563965
2017-02-21,31.585275650024414
2017-02-22,31.680004119873047
2017-02-23,31.5460147857666
2017-02-24,31.576038360595703
2017-02-27,31.638429641723633
2017-02-28,31.652280807495117
2017-03-01,32.29924774169922
2017-03-02,32.10747528076172
2017-03-03,32.29692459106445
2017-03-06,32.19526672363281
2017-03-07,32.23686599731445
2017-03-08,32.116703033447266
2017-03-09,32.04276657104492
2017-03-10,32.14906311035156
2017-03-13,32.162906646728516
2017-03-14,32.11441421508789
2017-03-15,32.45404052734375
2017-03-16,32.5072021484375
2017-03-17,32.345455169677734
2017-03-20,32.68510055541992
2017-03-21,32.310794830322266
2017-03-22,32.67585754394531
2017-03-23,32.560325622558594
2017-03-24,32.49564743041992
2017-03-27,32.55108642578125
2017-03-28,33.22577667236328
2017-03-29,33.29970932006836
2017-03-30,33.25580978393555
2017-03-31,33.193424224853516
2017-04-03,33.20267105102539
2017-04-04,33.44989776611328
2017-04-05,33.276611328125
2017-04-06,33.193424224853516
2017-04-07,33.119468688964844
2017-04-10,33.0802116394043
2017-04-11,32.724388122558594
2017-04-12,32.76366424560547
2017-04-13,32.59037399291992
2017-04-17,32.77059555053711
2017-04-18,32.62503433227539
2017-04-19,32.5048713684082
2017-04-20,32.91154479980469
2017-04-21,32.87224578857422
2017-04-24,33.18879699707031
2017-04-25,33.394439697265625
2017-04-26,33.19804382324219
2017-04-27,33.223453521728516
2017-04-28,33.19111251831055
2017-05-01,33.86811447143555
2017-05-02,34.08299255371094
2017-05-03,33.97901153564453
2017-05-04,33.85655212402344
2017-05-05,34.41801834106445
2017-05-08,35.353797912597656
2017-05-09,35.58022689819336
2017-05-10,35.41156005859375
2017-05-11,35.717803955078125
2017-05-12,36.216636657714844
2017-05-15,36.123817443847656
2017-05-16,36.070457458496094
2017-05-17,34.8593635559082
2017-05-18,35.39066696166992
2017-05-19,35.511314392089844
2017-05-22,35.72708511352539
2017-05-23,35.683006286621094
2017-05-24,35.576271057128906
2017-05-25,35.699241638183594
2017-05-26,35.6389274597168
2017-05-30,35.65285110473633
2017-05-31,35.441715240478516
2017-06-01,35.53916931152344
2017-06-02,36.065818786621094
2017-06-05,35.71317672729492
2017-06-06,35.83380889892578
2017-06-07,36.04725646972656
2017-06-08,35.95909881591797
2017-06-09,34.56473159790039
2017-06-12,33.738765716552734
2017-06-13,34.010223388671875
2017-06-14,33.678443908691406
2017-06-15,33.476600646972656
2017-06-16,33.0079345703125
2017-06-19,33.95220947265625
2017-06-20,33.643653869628906
2017-06-21,33.843170166015625
2017-06-22,33.78749465942383
2017-06-23,33.938289642333984
2017-06-26,33.831581115722656
2017-06-27,33.34666442871094
2017-06-28,33.83388900756836
2017-06-29,33.33506774902344
2017-06-30,33.41395950317383
2017-07-03,33.29330825805664
2017-07-05,33.430198669433594
2017-07-06,33.114662170410156
2017-07-07,33.45106887817383
2017-07-10,33.655235290527344
2017-07-11,33.764286041259766
2017-07-12,33.81300735473633
2017-07-13,34.28399658203125
2017-07-14,34.57863998413086
2017-07-17,34.69929122924805
2017-07-18,34.81993103027344
2017-07-19,35.03801345825195
2017-07-20,34.8802604675293
2017-07-21,34.86400604248047
2017-07-24,35.28627014160156
2017-07-25,35.43708038330078
2017-07-26,35.60411834716797
2017-07-27,34.93130111694336
2017-07-28,34.68536376953125
2017-07-31,34.506717681884766
2017-08-01,34.8129768371582
2017-08-02,36.457923889160156
2017-08-03,36.09366989135742
2017-08-04,36.283912658691406
2017-08-07,36.845375061035156
2017-08-08,37.1400146484375
2017-08-09,37.36738586425781
2017-08-10,36.17717361450195
2017-08-11,36.680274963378906
2017-08-14,37.2323112487793
2017-08-15,37.639915466308594
2017-08-16,37.48851776123047
2017-08-17,36.7687873840332
2017-08-18,36.68494415283203
2017-08-21,36.61739730834961
2017-08-22,37.215999603271484
2017-08-23,37.2625732421875
2017-08-24,37.09721374511719
2017-08-25,37.2346305847168
2017-08-28,37.609642028808594
2017-08-29,37.94504928588867
2017-08-30,38.047523498535156
2017-08-31,38.19892120361328
2017-09-01,38.2105598449707
2017-09-05,37.75171661376953
2017-09-06,37.71210861206055
2017-09-07,37.560707092285156
2017-09-08,36.94815444946289
2017-09-11,37.616615295410156
2017-09-12,37.467533111572266
2017-09-13,37.18571853637695
2017-09-14,36.86663055419922
2017-09-15,37.23929977416992
2017-09-18,36.95744323730469
2017-09-19,36.97141647338867
2017-09-20,36.35186004638672
2017-09-21,35.727638244628906
2017-09-22,35.37825012207031
2017-09-25,35.066139221191406
2017-09-26,35.669395446777344
2017-09-27,35.92328643798828
2017-09-28,35.7020149230957
2017-09-29,35.897674560546875
2017-10-02,35.825462341308594
2017-10-03,35.98152160644531
2017-10-04,35.74860382080078
2017-10-05,36.193485260009766
2017-10-06,36.172508239746094
2017-10-09,36.29829025268555
2017-10-10,36.31226348876953
2017-10-11,36.46366500854492
2017-10-12,36.3355598449707
2017-10-13,36.56614685058594
2017-10-16,37.23929977416992
2017-10-17,37.37671661376953
2017-10-18,37.21133041381836
2017-10-19,36.330902099609375
2017-10-20,36.39377975463867
2017-10-23,36.375160217285156
2017-10-24,36.59177017211914
2017-10-25,36.43104934692383
2017-10-26,36.663963317871094
2017-10-27,37.97764587402344
2017-10-30,38.83245849609375
2017-10-31,39.372840881347656
2017-11-01,38.87205505371094
2017-11-02,39.15623092651367
2017-11-03,40.17873764038086
2017-11-06,40.58634948730469
2017-11-07,40.7167854309082
2017-11-08,41.04984664916992
2017-11-09,40.96601104736328
2017-11-10,40.8304328918457
2017-11-13,40.666805267333984
2017-11-14,40.05202102661133
2017-11-15,39.52373123168945
2017-11-16,39.99592590332031
2017-11-17,39.77384948730469
2017-11-20,39.734107971191406
2017-11-21,40.4727783203125
2017-11-22,40.898223876953125
2017-11-24,40.90055847167969
2017-11-27,40.69485855102539
2017-11-28,40.456424713134766
2017-11-29,39.61723709106445
2017-11-30,40.17123031616211
2017-12-01,39.98423767089844
2017-12-04,39.69203567504883
2017-12-05,39.65463638305664
2017-12-06,39.507354736328125
2017-12-07,39.5798225402832
2017-12-08,39.591514587402344
2017-12-11,40.362911224365234
2017-12-12,40.13616943359375
2017-12-13,40.269405364990234
2017-12-14,40.25772476196289
2017-12-15,40.666805267333984
2017-12-18,41.23950958251953
2017-12-19,40.80004119873047
2017-12-20,40.75562286376953
2017-12-21,40.9099006652832
2017-12-22,40.9099006652832
2017-12-26,39.872032165527344
2017-12-27,39.87904739379883
2017-12-28,39.99123764038086
2017-12-29,39.55878829956055
2018-01-02,40.26707458496094
2018-01-03,40.26005554199219
2018-01-04,40.447059631347656
2018-01-05,40.90756607055664
2018-01-08,40.75562286376953
2018-01-09,40.75096130371094
2018-01-10,40.74160385131836
2018-01-11,40.9730224609375
2018-01-12,41.3961296081543
2018-01-16,41.18573760986328
2018-01-17,41.8659782409668
2018-01-18,41.90336608886719
2018-01-19,41.71638107299805
2018-01-22,41.37508773803711
2018-01-23,41.384429931640625
2018-01-24,40.72524642944336
2018-01-25,39.998260498046875
2018-01-26,40.091758728027344
2018-01-29,39.26191711425781
2018-01-30,39.03049850463867
2018-01-31,39.13801956176758
2018-02-01,39.21984100341797
2018-02-02,37.51808166503906
2018-02-05,36.58071517944336
2018-02-06,38.109493255615234
2018-02-07,37.293678283691406
2018-02-08,36.267478942871094
2018-02-09,36.711082458496094
2018-02-12,38.18976974487305
2018-02-13,38.57234191894531
2018-02-14,39.283512115478516
2018-02-15,40.60259246826172
2018-02-16,40.47114944458008
2018-02-20,40.33501052856445
2018-02-21,40.151947021484375
2018-02-22,40.487586975097656
2018-02-23,41.191715240478516
2018-02-26,42.00616455078125
2018-02-27,41.870033264160156
2018-02-28,41.80665969848633
2018-03-01,41.074363708496094
2018-03-02,41.35835647583008
2018-03-05,41.50152587890625
2018-03-06,41.466331481933594
2018-03-07,41.08139419555664
2018-03-08,41.529693603515625
2018-03-09,42.24321746826172
2018-03-12,42.65162658691406
2018-03-13,42.24087905883789
2018-03-14,41.88175964355469
2018-03-15,41.93104553222656
2018-03-16,41.783180236816406
2018-03-19,41.144779205322266
2018-03-20,41.13069534301758
2018-03-21,40.19887924194336
2018-03-22,39.63088607788086
2018-03-23,38.71316909790039
2018-03-26,40.55095672607422
2018-03-27,39.51118469238281
2018-03-28,39.074623107910156
2018-03-29,39.37974166870117
2018-04-02,39.121559143066406
2018-04-03,39.52292251586914
2018-04-04,40.2786865234375
2018-04-05,40.55799865722656
2018-04-06,39.52056884765625
2018-04-09,39.91252899169922
2018-04-10,40.66362380981445
2018-04-11,40.47349548339844
2018-04-12,40.872501373291016
2018-04-13,41.010990142822266
2018-04-16,41.26682662963867
2018-04-17,41.83482360839844
2018-04-18,41.740928649902344
2018-04-19,40.55799865722656
2018-04-20,38.896240234375
2018-04-23,38.78357696533203
2018-04-24,38.24375534057617
2018-04-25,38.41038131713867
2018-04-26,38.544185638427734
2018-04-27,38.098228454589844
2018-04-30,38.78826141357422
2018-05-01,39.6895637512207
2018-05-02,41.44285202026367
2018-05-03,41.51795196533203
2018-05-04,43.1468505859375
2018-05-07,43.45901870727539
2018-05-08,43.667911529541016
2018-05-09,43.975379943847656
2018-05-10,44.604408264160156
2018-05-11,44.43476104736328
2018-05-14,44.331085205078125
2018-05-15,43.92818832397461
2018-05-16,44.33816909790039
2018-05-17,44.057777404785156
2018-05-18,43.89755630493164
2018-05-21,44.208580017089844
2018-05-22,44.09783935546875
2018-05-23,44.380577087402344
2018-05-24,44.331085205078125
2018-05-25,44.432411193847656
2018-05-29,44.272193908691406
2018-05-30,44.17794418334961
2018-05-31,44.02950668334961
2018-06-01,44.823524475097656
2018-06-04,45.19816207885742
2018-06-05,45.54685974121094
2018-06-06,45.7047233581543
2018-06-07,45.582210540771484
2018-06-08,45.16752243041992
2018-06-11,45.05678939819336
2018-06-12,45.304176330566406
2018-06-13,44.93190002441406
2018-06-14,44.95547103881836
2018-06-15,44.49366760253906
2018-06-18,44.47010040283203
2018-06-19,43.75148010253906
2018-06-20,43.942317962646484
2018-06-21,43.697288513183594
2018-06-22,43.5700569152832
2018-06-25,42.92210388183594
2018-06-26,43.4546012878418
2018-06-27,43.390987396240234
2018-06-28,43.70671081542969
2018-06-29,43.61481475830078
2018-07-02,44.102542877197266
2018-07-03,43.33443069458008
2018-07-05,43.68313217163086
2018-07-06,44.288673400878906
2018-07-09,44.90364456176758
2018-07-10,44.84945297241211
2018-07-11,44.267478942871094
2018-07-12,45.009666442871094
2018-07-13,45.08034896850586
2018-07-16,44.98139572143555
2018-07-17,45.10862731933594
2018-07-18,44.86123275756836
2018-07-19,45.20993423461914
2018-07-20,45.10626220703125
2018-07-23,45.14631652832031
2018-07-24,45.47383117675781
2018-07-25,45.902652740478516
2018-07-26,45.758907318115234
2018-07-27,44.99787902832031
2018-07-30,44.74577713012695
2018-07-31,44.835304260253906
2018-08-01,47.476558685302734
2018-08-02,48.86433029174805
2018-08-03,49.005706787109375
2018-08-06,49.26017379760742
2018-08-07,48.798362731933594
2018-08-08,48.83135223388672
2018-08-09,49.21540451049805
2018-08-10,49.06880569458008
2018-08-13,49.385643005371094
2018-08-14,49.59370040893555
2018-08-15,49.70956039428711
2018-08-16,50.43781280517578
2018-08-17,51.445045471191406
2018-08-20,50.94380187988281
2018-08-21,50.84449768066406
2018-08-22,50.84685134887695
2018-08-23,50.950897216796875
2018-08-24,51.10929870605469
2018-08-27,51.53015899658203
2018-08-28,51.94631576538086
2018-08-29,52.721839904785156
2018-08-30,53.20654296875
2018-08-31,53.82129669189453
2018-09-04,53.993900299072266
2018-09-05,53.64159393310547
2018-09-06,52.75020980834961
2018-09-07,52.32461929321289
2018-09-10,51.622379302978516
2018-09-11,52.92754364013672
2018-09-12,52.27023696899414
2018-09-13,53.532833099365234
2018-09-14,52.925174713134766
2018-09-17,51.51598358154297
2018-09-18,51.60110855102539
2018-09-19,51.631839752197266
2018-09-20,52.02434158325195
2018-09-21,51.46397018432617
2018-09-24,52.204036712646484
2018-09-25,52.53504943847656
2018-09-26,52.116546630859375
2018-09-27,53.1876335144043
2018-09-28,53.374420166015625
2018-10-01,53.73381423950195
2018-10-02,54.21141815185547
2018-10-03,54.87109375
2018-10-04,53.90640640258789
2018-10-05,53.03157424926758
2018-10-08,52.908634185791016
2018-10-09,53.64159393310547
2018-10-10,51.156585693359375
2018-10-11,50.704994201660156
2018-10-12,52.51613998413086
2018-10-15,51.39304733276367
2018-10-16,52.525596618652344
2018-10-17,52.29861831665039
2018-10-18,51.07621383666992
2018-10-19,51.854095458984375
2018-10-22,52.170928955078125
2018-10-23,52.66273880004883
2018-10-24,50.85630416870117
2018-10-25,51.9699592590332
2018-10-26,51.14241027832031
2018-10-29,50.18244934082031
2018-10-30,50.433074951171875
2018-10-31,51.7476921081543
2018-11-01,52.54214096069336
2018-11-02,49.0569953918457
2018-11-05,47.664337158203125
2018-11-06,48.179779052734375
2018-11-07,49.640995025634766
2018-11-08,49.467796325683594
2018-11-09,48.51398468017578
2018-11-12,46.07013702392578
2018-11-13,45.60983657836914
2018-11-14,44.32148742675781
2018-11-15,45.41529083251953
2018-11-16,45.918296813964844
2018-11-19,44.09843826293945
2018-11-20,41.99150848388672
2018-11-21,41.94404602050781
2018-11-23,40.87872314453125
2018-11-26,41.43155288696289
2018-11-27,41.341400146484375
2018-11-28,42.93109130859375
2018-11-29,42.60129928588867
2018-11-30,42.37114334106445
2018-12-03,43.85167694091797
2018-12-04,41.92270278930664
2018-12-06,41.45528793334961
2018-12-07,39.97711944580078
2018-12-10,40.24048614501953
2018-12-11,40.01032257080078
2018-12-12,40.12184524536133
2018-12-13,40.56079864501953
2018-12-14,39.262943267822266
2018-12-17,38.897544860839844
2018-12-18,39.40293502807617
2018-12-19,38.173885345458984
2018-12-20,37.21057891845703
2018-12-21,35.763248443603516
2018-12-24,34.837921142578125
2018-12-26,37.29125213623047
2018-12-27,37.04924011230469
2018-12-28,37.0682258605957
2018-12-31,37.42649841308594
2019-01-02,37.46919631958008
2019-01-03,33.737003326416016
2019-01-04,35.177207946777344
2019-01-07,35.098907470703125
2019-01-08,35.76801300048828
2019-01-09,36.37540054321289
2019-01-10,36.49165725708008
2019-01-11,36.133392333984375
2019-01-14,35.59004211425781
2019-01-15,36.31846237182617
2019-01-16,36.76214599609375
2019-01-17,36.980438232421875
2019-01-18,37.20820617675781
2019-01-22,36.37303161621094
2019-01-23,36.5201416015625
2019-01-24,36.23067092895508
2019-01-25,37.431236267089844
2019-01-28,37.08483123779297
2019-01-29,36.700462341308594
2019-01-30,39.2083740234375
2019-01-31,39.49072265625
2019-02-01,39.50969314575195
2019-02-04,40.63197326660156
2019-02-05,41.32716751098633
2019-02-06,41.341400146484375
2019-02-07,40.55842971801758
2019-02-08,40.606075286865234
2019-02-11,40.372562408447266
2019-02-12,40.7204475402832
2019-02-13,40.55126953125
2019-02-14,40.699005126953125
2019-02-15,40.60845947265625
2019-02-19,40.72998809814453
2019-02-20,40.992095947265625
2019-02-21,40.76095962524414
2019-02-22,41.21609115600586
2019-02-25,41.516319274902344
2019-02-26,41.5401611328125
2019-02-27,41.668819427490234
2019-02-28,41.25898361206055
2019-03-01,41.692657470703125
2019-03-04,41.902347564697266
2019-03-05,41.82609176635742
2019-03-06,41.5854377746582
2019-03-07,41.104095458984375
2019-03-08,41.201805114746094
2019-03-11,42.62910842895508
2019-03-12,43.10805892944336
2019-03-13,43.298702239990234
2019-03-14,43.780029296875
2019-03-15,44.349525451660156
2019-03-18,44.80228042602539
2019-03-19,44.44721984863281
2019-03-20,44.835628509521484
2019-03-21,46.486934661865234
2019-03-22,45.524269104003906
2019-03-25,44.97383499145508
2019-03-26,44.509178161621094
2019-03-27,44.90949249267578
2019-03-28,44.96906661987305
2019-03-29,45.262149810791016
2019-04-01,45.569557189941406
2019-04-02,46.23197937011719
2019-04-03,46.54889678955078
2019-04-04,46.62991714477539
2019-04-05,46.94205856323242
2019-04-08,47.68075180053711
2019-04-09,47.53778076171875
2019-04-10,47.80465316772461
2019-04-11,47.406707763671875
2019-04-12,47.38766098022461
2019-04-15,47.47343063354492
2019-04-16,47.47819137573242
2019-04-17,48.402748107910156
2019-04-18,48.57669448852539
2019-04-22,48.73634338378906
2019-04-23,49.439300537109375
2019-04-24,49.363033294677734
2019-04-25,48.91505813598633
2019-04-26,48.68154525756836
2019-04-29,48.755401611328125
2019-04-30,47.816566467285156
2019-05-01,50.16368103027344
2019-05-02,49.83721923828125
2019-05-03,50.45677185058594
2019-05-06,49.67757034301758
2019-05-07,48.33840560913086
2019-05-08,48.34794616699219
2019-05-09,47.82848358154297
2019-05-10,47.1658821105957
2019-05-13,44.42464065551758
2019-05-14,45.12788391113281
2019-05-15,45.668495178222656
2019-05-16,45.467552185058594
2019-05-17,45.209228515625
2019-05-20,43.795536041259766
2019-05-21,44.6351432800293
2019-05-22,43.72138595581055
2019-05-23,42.975059509277344
2019-05-24,42.810020446777344
2019-05-28,42.63301086425781
2019-05-29,42.42969512939453
2019-05-30,42.64975357055664
2019-05-31,41.877132415771484
2019-06-03,41.4537467956543
2019-06-04,42.970279693603516
2019-06-05,43.66397476196289
2019-06-06,44.3050422668457
2019-06-07,45.48430633544922
2019-06-10,46.065574645996094
2019-06-11,46.59897994995117
2019-06-12,46.45068359375
2019-06-13,46.44111633300781
2019-06-14,46.10382843017578
2019-06-17,46.37891387939453
2019-06-18,47.469688415527344
2019-06-19,47.33095169067383
2019-06-20,47.71126937866211
2019-06-21,47.548614501953125
2019-06-24,47.50077438354492
2019-06-25,46.78076934814453
2019-06-26,47.792606353759766
2019-06-27,47.77824783325195
2019-06-28,47.34291076660156
2019-07-01,48.21120834350586
2019-07-02,48.49346923828125
2019-07-03,48.895328521728516
2019-07-05,48.852272033691406
2019-07-08,47.84524154663086
2019-07-09,48.137062072753906
2019-07-10,48.61305618286133
2019-07-11,48.25904846191406
2019-07-12,48.62980651855469
2019-07-15,49.086692810058594
2019-07-16,48.91685485839844
2019-07-17,48.64176940917969
2019-07-18,49.19432067871094
2019-07-19,48.4599723815918
2019-07-22,49.56748962402344
2019-07-23,49.95498275756836
2019-07-24,49.91432571411133
2019-07-25,49.519649505615234
2019-07-26,49.691871643066406
2019-07-29,50.15591812133789
2019-07-30,49.940650939941406
2019-07-31,50.95963668823242
2019-08-01,49.856910705566406
2019-08-02,48.80203628540039
2019-08-05,46.24736022949219
2019-08-06,47.12282943725586
2019-08-07,47.61081314086914
2019-08-08,48.66090393066406
2019-08-09,48.259925842285156
2019-08-12,48.13747024536133
2019-08-13,50.17601013183594
2019-08-14,48.6825065612793
2019-08-15,48.440006256103516
2019-08-16,49.582942962646484
2019-08-19,50.507362365722656
2019-08-20,50.50975799560547
2019-08-21,51.057220458984375
2019-08-22,51.013999938964844
2019-08-23,48.65610122680664
2019-08-26,49.580535888671875
2019-08-27,49.02107238769531
2019-08-28,49.350032806396484
2019-08-29,50.185611724853516
2019-08-30,50.120784759521484
2019-09-03,49.39084243774414
2019-09-04,50.22883224487305
2019-09-05,51.21088790893555
2019-09-06,51.20608139038086
2019-09-09,51.42457580566406
2019-09-10,52.032073974609375
2019-09-11,53.68642807006836
2019-09-12,53.56637191772461
2019-09-13,52.524295806884766
2019-09-16,52.8004264831543
2019-09-17,52.99251174926758
2019-09-18,53.48954772949219
2019-09-19,53.054935455322266
2019-09-20,52.27937698364258
2019-09-23,52.517093658447266
2019-09-24,52.26737976074219
2019-09-25,53.071754455566406
2019-09-26,52.79801940917969
2019-09-27,52.54110336303711
2019-09-30,53.77766799926758
2019-10-01,53.92654800415039
2019-10-02,52.5747184753418
2019-10-03,53.02132797241211
2019-10-04,54.50761413574219
2019-10-07,54.51962661743164
2019-10-08,53.880916595458984
2019-10-09,54.51240539550781
2019-10-10,55.24715042114258
2019-10-11,56.71662521362305
2019-10-14,56.635005950927734
2019-10-15,56.5029296875
2019-10-16,56.27482604980469
2019-10-17,56.49332809448242
2019-10-18,56.7646598815918
2019-10-21,57.74911880493164
2019-10-22,57.61705017089844
2019-10-23,58.39021682739258
2019-10-24,58.48624801635742
2019-10-25,59.20658493041992
2019-10-28,59.79966354370117
2019-10-29,58.41661834716797
2019-10-30,58.40940475463867
2019-10-31,59.73002243041992
2019-11-01,61.425209045410156
2019-11-04,61.82859420776367
2019-11-05,61.73975372314453
2019-11-06,61.76617431640625
2019-11-07,62.47903060913086
2019-11-08,62.65003204345703
2019-11-11,63.1461296081543
2019-11-12,63.08832931518555
2019-11-13,63.69284439086914
2019-11-14,63.25209426879883
2019-11-15,64.00350189208984
2019-11-18,64.32622528076172
2019-11-19,64.1311264038086
2019-11-20,63.38455581665039
2019-11-21,63.10036849975586
2019-11-22,63.04498291015625
2019-11-25,64.15040588378906
2019-11-26,63.64947509765625
2019-11-27,64.50442504882812
2019-11-29,64.36231994628906
2019-12-02,63.61817932128906
2019-12-03,62.483863830566406
2019-12-04,63.03532409667969
2019-12-05,63.96012878417969
2019-12-06,65.19563293457031
2019-12-09,64.2828598022461
2019-12-10,64.65856170654297
2019-12-11,65.21003723144531
2019-12-12,65.37622833251953
2019-12-13,66.26490783691406
2019-12-16,67.39920806884766
2019-12-17,67.53168487548828
2019-12-18,67.37033081054688
2019-12-19,67.43775177001953
2019-12-20,67.29808044433594
2019-12-23,68.39627838134766
2019-12-24,68.4612808227539
2019-12-26,69.81959533691406
2019-12-27,69.79309844970703
2019-12-30,70.20729064941406
2019-12-31,70.72029876708984
2020-01-02,72.33386993408203
2020-01-03,71.63065338134766
2020-01-06,72.20143127441406
2020-01-07,71.86186218261719
2020-01-08,73.01783752441406
2020-01-09,74.56880187988281
2020-01-10,74.73738098144531
2020-01-13,76.3341064453125
2020-01-14,75.30335235595703
2020-01-15,74.98062133789062
2020-01-16,75.91985321044922
2020-01-17,76.76036071777344
2020-01-21,76.24015045166016
2020-01-22,76.51231384277344
2020-01-23,76.88077545166016
2020-01-24,76.65921020507812
2020-01-27,74.40503692626953
2020-01-28,76.5099105834961
2020-01-29,78.1114501953125
2020-01-30,77.99824523925781
2020-01-31,74.5398941040039
2020-02-03,74.33517456054688
2020-02-04,76.7892837524414
2020-02-05,77.41544342041016
2020-02-06,78.32095336914062
2020-02-07,77.25638580322266
2020-02-10,77.62329864501953
2020-02-11,77.15499114990234
2020-02-12,78.98723602294922
2020-02-13,78.42475128173828
2020-02-14,78.44404602050781
2020-02-18,77.00772857666016
2020-02-19,78.12300109863281
2020-02-20,77.32154846191406
2020-02-21,75.57135772705078
2020-02-24,71.98169708251953
2020-02-25,69.54352569580078
2020-02-26,70.646728515625
2020-02-27,66.0286865234375
2020-02-28,65.99006652832031
2020-03-02,72.13378143310547
2020-03-03,69.84286499023438
2020-03-04,73.08251953125
2020-03-05,70.71192932128906
2020-03-06,69.7728500366211
2020-03-09,64.25436401367188
2020-03-10,68.88208770751953
2020-03-11,66.48977661132812
2020-03-12,59.92359161376953
2020-03-13,67.1029281616211
2020-03-16,58.470340728759766
2020-03-17,61.041290283203125
2020-03-18,59.5470085144043
2020-03-19,59.09075164794922
2020-03-20,55.33933639526367
2020-03-23,54.1637077331543
2020-03-24,59.597694396972656
2020-03-25,59.269378662109375
2020-03-26,62.3883171081543
2020-03-27,59.8052978515625
2020-03-30,61.512027740478516
2020-03-31,61.38649368286133
2020-04-01,58.156524658203125
2020-04-02,59.126956939697266
2020-04-03,58.27722930908203
2020-04-06,63.36119079589844
2020-04-07,62.6273193359375
2020-04-08,64.230224609375
2020-04-09,64.6937255859375
2020-04-13,65.96351623535156
2020-04-14,69.29487609863281
2020-04-15,68.66240692138672
2020-04-16,69.20797729492188
2020-04-17,68.26891326904297
2020-04-20,66.85188293457031
2020-04-21,64.78545379638672
2020-04-22,66.65149688720703
2020-04-23,66.3932113647461
2020-04-24,68.30995178222656
2020-04-27,68.35821533203125
2020-04-28,67.25019073486328
2020-04-29,69.45903778076172
2020-04-30,70.92432403564453
2020-05-01,69.78252410888672
2020-05-04,70.76985168457031
2020-05-05,71.83202362060547
2020-05-06,72.57315063476562
2020-05-07,73.32389831542969
2020-05-08,75.0691146850586
2020-05-11,76.25038146972656
2020-05-12,75.37896728515625
2020-05-13,74.46882629394531
2020-05-14,74.92633056640625
2020-05-15,74.48332977294922
2020-05-18,76.23827362060547
2020-05-19,75.79772186279297
2020-05-20,77.2718505859375
2020-05-21,76.69575500488281
2020-05-22,77.1895523071289
2020-05-26,76.66670989990234
2020-05-27,77.00074005126953
2020-05-28,77.03462219238281
2020-05-29,76.9595947265625
2020-06-01,77.90604400634766
2020-06-02,78.26669311523438
2020-06-03,78.69757080078125
2020-06-04,78.01980590820312
2020-06-05,80.24187469482422
2020-06-08,80.7163314819336
2020-06-09,83.26516723632812
2020-06-10,85.40737915039062
2020-06-11,81.30693054199219
2020-06-12,82.00890350341797
2020-06-15,83.02310943603516
2020-06-16,85.22340393066406
2020-06-17,85.10480499267578
2020-06-18,85.13871002197266
2020-06-19,84.65217590332031
2020-06-22,86.86700439453125
2020-06-23,88.72113800048828
2020-06-24,87.15504455566406
2020-06-25,88.31205749511719
2020-06-26,85.59861755371094
2020-06-29,87.57137298583984
2020-06-30,88.3023910522461
2020-07-01,88.13534545898438
2020-07-02,88.13534545898438
2020-07-06,90.49300384521484
2020-07-07,90.21221923828125
2020-07-08,92.31328582763672
2020-07-09,92.71023559570312
2020-07-10,92.87242126464844
2020-07-13,92.44398498535156
2020-07-14,93.9737777709961
2020-07-15,94.62007904052734
2020-07-16,93.45578002929688
2020-07-17,93.26697540283203
2020-07-20,95.23246765136719
2020-07-21,93.9180908203125
2020-07-22,94.18195343017578
2020-07-23,89.8951416015625
2020-07-24,89.67242431640625
2020-07-27,91.79769134521484
2020-07-28,90.2896957397461
2020-07-29,92.02037811279297
2020-07-30,93.13384246826172
2020-07-31,102.88390350341797
2020-08-03,105.476318359375
2020-08-04,106.18073272705078
2020-08-05,106.56560516357422
2020-08-06,110.2835922241211
2020-08-07,107.77619934082031
2020-08-10,109.34270477294922
2020-08-11,106.09087371826172
2020-08-12,109.61669921875
2020-08-13,111.55664825439453
2020-08-14,111.4572525024414
2020-08-17,111.166259765625
2020-08-18,112.09257507324219
2020-08-19,112.23322296142578
2020-08-20,114.7236328125
2020-08-21,120.6356201171875
2020-08-24,122.07846069335938
2020-08-25,121.07697296142578
2020-08-26,122.72347259521484
2020-08-27,121.25641632080078
2020-08-28,121.05998229980469
2020-08-31,125.16537475585938
2020-09-01,130.1510772705078
2020-09-02,127.4544906616211
2020-09-03,117.25040435791016
2020-09-04,117.32801818847656
2020-09-08,109.43241882324219
2020-09-09,113.79730987548828
2020-09-10,110.0822982788086
2020-09-11,108.63704681396484
2020-09-14,111.89615631103516
2020-09-15,112.07074737548828
2020-09-16,108.76313781738281
2020-09-17,107.0268783569336
2020-09-18,103.63196563720703
2020-09-21,106.77470397949219
2020-09-22,108.45274353027344
2020-09-23,103.9035873413086
2020-09-24,104.97055053710938
2020-09-25,108.90864562988281
2020-09-28,111.50817108154297
2020-09-29,110.66429901123047
2020-09-30,112.33264923095703
2020-10-01,113.28321075439453
2020-10-02,109.62639617919922
2020-10-05,113.00193786621094
2020-10-06,109.76223754882812
2020-10-07,111.62455749511719
2020-10-08,111.51786804199219
2020-10-09,113.45781707763672
2020-10-12,120.66472625732422
2020-10-13,117.46381378173828
2020-10-14,117.55110931396484
2020-10-15,117.08552551269531
2020-10-16,115.44624328613281
2020-10-19,112.49756622314453
2020-10-20,113.98160552978516
2020-10-21,113.36080169677734
2020-10-22,112.27447509765625
2020-10-23,111.58576965332031
2020-10-26,111.59548950195312
2020-10-27,113.09891510009766
2020-10-28,107.86106872558594
2020-10-29,111.85735321044922
2020-10-30,105.59134674072266
2020-11-02,105.5040283203125
2020-11-03,107.12389373779297
2020-11-04,111.49848937988281
2020-11-05,115.45597839355469
2020-11-06,115.3248062133789
2020-11-09,113.02198028564453
2020-11-10,112.68192291259766
2020-11-11,116.10211181640625
2020-11-12,115.83006286621094
2020-11-13,115.87861633300781
2020-11-16,116.8891372680664
2020-11-17,116.00494384765625
2020-11-18,114.68350219726562
2020-11-19,115.27621459960938
2020-11-20,114.01304626464844
2020-11-23,110.62202453613281
2020-11-24,111.90460968017578
2020-11-25,112.74021911621094
2020-11-27,113.2843246459961
2020-11-30,115.67456817626953
2020-12-01,119.24052429199219
2020-12-02,119.59033966064453
2020-12-03,119.45428466796875
2020-12-04,118.78386688232422
2020-12-07,120.24132537841797
2020-12-08,120.85344696044922
2020-12-09,118.32717895507812
2020-12-10,119.74578094482422
2020-12-11,118.9393310546875
2020-12-14,118.32717895507812
2020-12-15,124.25421905517578
2020-12-16,124.18621826171875
2020-12-17,125.05096435546875
2020-12-18,123.06884002685547
2020-12-21,124.59430694580078
2020-12-22,128.1408233642578
2020-12-23,127.24691009521484
2020-12-24,128.22830200195312
2020-12-28,132.81442260742188
2020-12-29,131.04600524902344
2020-12-30,129.9286346435547
2020-12-31,128.92784118652344
2021-01-04,125.7408447265625
2021-01-05,127.29551696777344
2021-01-06,123.0105209350586
2021-01-07,127.20802307128906
2021-01-08,128.30601501464844
2021-01-11,125.32304382324219
2021-01-12,125.14814758300781
2021-01-13,127.17888641357422
2021-01-14,125.25505828857422
2021-01-15,123.53522491455078
2021-01-19,124.20565032958984
2021-01-20,128.28656005859375
2021-01-21,132.9893035888672
2021-01-22,135.126953125
2021-01-25,138.86781311035156
2021-01-26,139.1010284423828
2021-01-27,138.03219604492188
2021-01-28,133.203125
2021-01-29,128.2185516357422
2021-02-01,130.33673095703125
2021-02-02,131.16261291503906
2021-02-03,130.1424102783203
2021-02-04,133.49459838867188
2021-02-05,133.0810089111328
2021-02-08,133.2269744873047
2021-02-09,132.35122680664062
2021-02-10,131.74789428710938
2021-02-11,131.49490356445312
2021-02-12,131.72842407226562
2021-02-16,129.6070556640625
2021-02-17,127.32023620605469
2021-02-18,126.22065734863281
2021-02-19,126.37638092041016
2021-02-22,122.61046600341797
2021-02-23,122.4742431640625
2021-02-24,121.97796630859375
2021-02-25,117.73524475097656
2021-02-26,117.99797821044922
2021-03-01,124.3523178100586
2021-03-02,121.75415802001953
2021-03-03,118.77647399902344
2021-03-04,116.89837646484375
2021-03-05,118.1536636352539
2021-03-08,113.22981262207031
2021-03-09,117.83255004882812
2021-03-10,116.75242614746094
2021-03-11,118.67915344238281
2021-03-12,117.77417755126953
2021-03-15,120.65454864501953
2021-03-16,122.19203186035156
2021-03-17,121.40381622314453
2021-03-18,117.28762817382812
2021-03-19,116.76215362548828
2021-03-22,120.0707015991211
2021-03-23,119.24356079101562
2021-03-24,116.85945892333984
2021-03-25,117.34602355957031
2021-03-26,117.9493179321289
2021-03-29,118.12450408935547
2021-03-30,116.67457580566406
2021-03-31,118.86404418945312
2021-04-01,119.6911849975586
2021-04-05,122.5131607055664
2021-04-06,122.81483459472656
2021-04-07,124.45936584472656
2021-04-08,126.85317993164062
2021-04-09,129.4221649169922
2021-04-12,127.70951080322266
2021-04-13,130.81369018554688
2021-04-14,128.47825622558594
2021-04-15,130.88180541992188
2021-04-16,130.55096435546875
2021-04-19,131.21266174316406
2021-04-20,129.52923583984375
2021-04-21,129.9087677001953
2021-04-22,128.3906707763672
2021-04-23,130.7066650390625
2021-04-26,131.09591674804688
2021-04-27,130.77479553222656
2021-04-28,129.98660278320312
2021-04-29,129.88922119140625
2021-04-30,127.92359924316406
2021-05-03,128.9745330810547
2021-05-04,124.41070556640625
2021-05-05,124.65400695800781
2021-05-06,126.24987030029297
2021-05-07,126.9224624633789
2021-05-10,123.64727020263672
2021-05-11,122.73099517822266
2021-05-12,119.67029571533203
2021-05-13,121.81473541259766
2021-05-14,124.23213195800781
2021-05-17,123.08191680908203
2021-05-18,121.69776153564453
2021-05-19,121.54181671142578
2021-05-20,124.09567260742188
2021-05-21,122.26312255859375
2021-05-24,123.89096069335938
2021-05-25,123.6960220336914
2021-05-26,123.64727020263672
2021-05-27,122.11690521240234
2021-05-28,121.46385192871094
2021-06-01,121.14216613769531
2021-06-02,121.90247344970703
2021-06-03,120.42084503173828
2021-06-04,122.71150970458984
2021-06-07,122.72126007080078
2021-06-08,123.54005432128906
2021-06-09,123.92021942138672
2021-06-10,122.92598724365234
2021-06-11,124.13465881347656
2021-06-14,127.18563079833984
2021-06-15,126.36681365966797
2021-06-16,126.86394500732422
2021-06-17,128.4625701904297
2021-06-18,127.16614532470703
2021-06-21,128.95970153808594
2021-06-22,130.59725952148438
2021-06-23,130.32432556152344
2021-06-24,130.04164123535156
2021-06-25,129.74925231933594
2021-06-28,131.3770751953125
2021-06-29,132.887939453125
2021-06-30,133.5020294189453
2021-07-01,133.80419921875
2021-07-02,136.42626953125
2021-07-06,138.43426513671875
2021-07-07,140.919921875
2021-07-08,139.6234588623047
2021-07-09,141.44625854492188
2021-07-12,140.85165405273438
2021-07-13,141.9628448486328
2021-07-14,145.38421630859375
2021-07-15,144.7311553955078
2021-07-16,142.69390869140625
2021-07-19,138.85345458984375
2021-07-20,142.45997619628906
2021-07-21,141.72886657714844
2021-07-22,143.0935821533203
2021-07-23,144.8091583251953
2021-07-26,145.2283172607422
2021-07-27,143.06436157226562
2021-07-28,141.31954956054688
2021-07-29,141.9628448486328
2021-07-30,142.1772918701172
2021-08-02,141.84588623046875
2021-08-03,143.63943481445312
2021-08-04,143.2397918701172
2021-08-05,143.34698486328125
2021-08-06,142.66368103027344
2021-08-09,142.6148681640625
2021-08-10,142.13653564453125
2021-08-11,142.39031982421875
2021-08-12,145.3482666015625
2021-08-13,145.5532684326172
2021-08-16,147.5251922607422
2021-08-17,146.61732482910156
2021-08-18,142.87843322753906
2021-08-19,143.21034240722656
2021-08-20,144.6648712158203
2021-08-23,146.14874267578125
2021-08-24,146.06088256835938
2021-08-25,144.8308563232422
2021-08-26,144.0303955078125
2021-08-27,145.06515502929688
2021-08-30,149.47760009765625
2021-08-31,148.2183380126953
2021-09-01,148.8821258544922
2021-09-02,149.99501037597656
2021-09-03,150.62954711914062
2021-09-07,152.96270751953125
2021-09-08,151.4202880859375
2021-09-09,150.405029296875
2021-09-10,145.42636108398438
2021-09-13,145.99252319335938
2021-09-14,144.59652709960938
2021-09-15,145.48492431640625
2021-09-16,145.2506103515625
2021-09-17,142.58555603027344
2021-09-20,139.53981018066406
2021-09-21,140.0181427001953
2021-09-22,142.38058471679688
2021-09-23,143.33724975585938
2021-09-24,143.4250946044922
2021-09-27,141.91197204589844
2021-09-28,138.53431701660156
2021-09-29,139.4324188232422
2021-09-30,138.13404846191406
2021-10-01,139.2567138671875
2021-10-04,135.83018493652344
2021-10-05,137.75331115722656
2021-10-06,138.62213134765625
2021-10-07,139.88145446777344
2021-10-08,139.500732421875
2021-10-11,139.412841796875
2021-10-12,138.14381408691406
2021-10-13,137.55807495117188
2021-10-14,140.34027099609375
2021-10-15,141.39459228515625
2021-10-18,143.06393432617188
2021-10-19,145.22134399414062
2021-10-20,145.70945739746094
2021-10-21,145.92420959472656
2021-10-22,145.15301513671875
2021-10-25,145.1042022705078
2021-10-26,145.7679901123047
2021-10-27,145.30921936035156
2021-10-28,148.9407501220703
2021-10-29,146.2366180419922
2021-11-01,145.41661071777344
2021-11-02,146.45138549804688
2021-11-03,147.88641357421875
2021-11-04,147.36903381347656
2021-11-05,147.8969268798828
2021-11-08,147.0757598876953
2021-11-09,147.4374542236328
2021-11-10,144.6121063232422
2021-11-11,144.56317138671875
2021-11-12,146.6357879638672
2021-11-15,146.64553833007812
2021-11-16,147.6232147216797
2021-11-17,150.05752563476562
2021-11-18,154.33956909179688
2021-11-19,156.95962524414062
2021-11-22,157.4191131591797
2021-11-23,157.8004150390625
2021-11-24,158.3185577392578
2021-11-26,153.30325317382812
2021-11-29,156.65660095214844
2021-11-30,161.6033935546875
2021-12-01,161.08523559570312
2021-12-02,160.09783935546875
2021-12-03,158.2207489013672
2021-12-06,161.62295532226562
2021-12-07,167.35191345214844
2021-12-08,171.1647186279297
2021-12-09,170.65634155273438
2021-12-10,175.43695068359375
2021-12-13,171.8099365234375
2021-12-14,170.4314727783203
2021-12-15,175.29034423828125
2021-12-16,168.40774536132812
2021-12-17,167.31280517578125
2021-12-20,165.95388793945312
2021-12-21,169.12144470214844
2021-12-22,171.712158203125
2021-12-23,172.33786010742188
2021-12-27,176.29730224609375
2021-12-28,175.28054809570312
2021-12-29,175.3685302734375
2021-12-30,174.2149200439453
2021-12-31,173.59902954101562
2022-01-03,177.93971252441406
2022-01-04,175.68141174316406
2022-01-05,171.00828552246094
2022-01-06,168.15357971191406
2022-01-07,168.3197784423828
2022-01-10,168.3393096923828
2022-01-11,171.1647186279297
2022-01-12,171.60464477539062
2022-01-13,168.3393096923828
2022-01-14,169.19964599609375
2022-01-18,166.00277709960938
2022-01-19,162.5126190185547
2022-01-20,160.83103942871094
2022-01-21,158.77806091308594
2022-01-24,158.00570678710938
2022-01-25,156.2068634033203
2022-01-26,156.11883544921875
2022-01-27,155.65939331054688
2022-01-28,166.5209197998047
2022-01-31,170.8714141845703
2022-02-01,170.7052001953125
2022-02-02,171.90769958496094
2022-02-03,169.033447265625
2022-02-04,168.74957275390625
2022-02-07,168.03497314453125
2022-02-08,171.1380615234375
2022-02-09,172.5574188232422
2022-02-10,168.4852752685547
2022-02-11,165.07876586914062
2022-02-14,165.31373596191406
2022-02-15,169.14109802246094
2022-02-16,168.90621948242188
2022-02-17,165.31373596191406
2022-02-18,163.76702880859375
2022-02-22,160.85000610351562
2022-02-23,156.6897430419922
2022-02-24,159.30335998535156
2022-02-25,161.36880493164062
2022-02-28,161.6331024169922
2022-03-01,159.75363159179688
2022-03-02,163.04269409179688
2022-03-03,162.71963500976562
2022-03-04,159.72430419921875
2022-03-07,155.93600463867188
2022-03-08,154.11529541015625
2022-03-09,159.50894165039062
2022-03-10,155.1724853515625
2022-03-11,151.4625244140625
2022-03-14,147.4392852783203
2022-03-15,151.8148956298828
2022-03-16,156.21983337402344
2022-03-17,157.2281036376953
2022-03-18,160.5171661376953
2022-03-21,161.88760375976562
2022-03-22,165.25497436523438
2022-03-23,166.61563110351562
2022-03-24,170.3941192626953
2022-03-25,171.03036499023438
2022-03-28,171.89175415039062
2022-03-29,175.1808624267578
2022-03-30,174.0159912109375
2022-03-31,170.9226837158203
2022-04-01,170.62899780273438
2022-04-04,174.67181396484375
2022-04-05,171.36317443847656
2022-04-06,168.20140075683594
2022-04-07,168.50485229492188
2022-04-08,166.4981231689453
2022-04-11,162.24978637695312
2022-04-12,164.11947631835938
2022-04-13,166.80160522460938
2022-04-14,161.79953002929688
2022-04-18,161.58416748046875
2022-04-19,163.86495971679688
2022-04-20,163.6985321044922
2022-04-21,162.90567016601562
2022-04-22,158.3734130859375
2022-04-25,159.4404296875
2022-04-26,153.48878479003906
2022-04-27,153.26368713378906
2022-04-28,160.1843719482422
2022-04-29,154.32089233398438
2022-05-02,154.6243133544922
2022-05-03,156.11221313476562
2022-05-04,162.51409912109375
2022-05-05,153.45944213867188
2022-05-06,154.1848602294922
2022-05-09,149.06761169433594
2022-05-10,151.4693603515625
2022-05-11,143.6169891357422
2022-05-12,139.75453186035156
2022-05-13,144.2150115966797
2022-05-16,142.67588806152344
2022-05-17,146.30311584472656
2022-05-18,138.048828125
2022-05-19,134.64710998535156
2022-05-20,134.88233947753906
2022-05-23,140.29373168945312
2022-05-24,137.59783935546875
2022-05-25,137.75469970703125
2022-05-26,140.95054626464844
2022-05-27,146.69520568847656
2022-05-31,145.91094970703125
2022-06-01,145.7834930419922
2022-06-02,148.23431396484375
2022-06-03,142.51904296875
2022-06-06,143.26409912109375
2022-06-07,145.7834930419922
2022-06-08,145.04827880859375
2022-06-09,139.8329620361328
2022-06-10,134.43141174316406
2022-06-13,129.28469848632812
2022-06-14,130.1473846435547
2022-06-15,132.7648162841797
2022-06-16,127.50052642822266
2022-06-17,128.97100830078125
2022-06-21,133.19622802734375
2022-06-22,132.68643188476562
2022-06-23,135.5489959716797
2022-06-24,138.87225341796875
2022-06-27,138.87225341796875
2022-06-28,134.73532104492188
2022-06-29,136.49005126953125
2022-06-30,134.02944946289062
2022-07-01,136.1959686279297
2022-07-05,138.7742156982422
2022-07-06,140.10743713378906
2022-07-07,143.469970703125
2022-07-08,144.1463623046875
2022-07-11,142.0190887451172
2022-07-12,142.98959350585938
2022-07-13,142.62692260742188
2022-07-14,145.54824829101562
2022-07-15,147.21478271484375
2022-07-18,144.17581176757812
2022-07-19,148.02845764160156
2022-07-20,150.02833557128906
2022-07-21,152.29287719726562
2022-07-22,151.05764770507812
2022-07-25,149.9400634765625
2022-07-26,148.61666870117188
2022-07-27,153.70449829101562
2022-07-28,154.25350952148438
2022-07-29,159.3119354248047
2022-08-01,158.33163452148438
2022-08-02,156.86114501953125
2022-08-03,162.8607177734375
2022-08-04,162.54696655273438
2022-08-05,162.3212432861328
2022-08-08,161.8500213623047
2022-08-09,161.8991241455078
2022-08-10,166.13995361328125
2022-08-11,165.40370178222656
2022-08-12,168.9475555419922
2022-08-15,170.01760864257812
2022-08-16,169.8605499267578
2022-08-17,171.3527069091797
2022-08-18,170.9600067138672
2022-08-19,168.37818908691406
2022-08-22,164.50054931640625
2022-08-23,164.166748046875
2022-08-24,164.4613037109375
2022-08-25,166.91551208496094
2022-08-26,160.62290954589844
2022-08-29,158.4239044189453
2022-08-30,155.9991912841797
2022-08-31,154.3401336669922
2022-09-01,155.0666046142578
2022-09-02,152.9559783935547
2022-09-06,151.6994171142578
2022-09-07,153.10321044921875
2022-09-08,151.63070678710938
2022-09-09,154.48736572265625
2022-09-12,160.43637084960938
2022-09-13,151.0220489501953
2022-09-14,152.46511840820312
2022-09-15,149.5789794921875
2022-09-16,147.93955993652344
2022-09-19,151.65036010742188
2022-09-20,154.02601623535156
2022-09-21,150.9042510986328
2022-09-22,149.94219970703125
2022-09-23,147.67453002929688
2022-09-26,148.00830078125
2022-09-27,148.98016357421875
2022-09-28,147.09532165527344
2022-09-29,139.8701171875
2022-09-30,135.6685333251953
2022-10-03,139.84066772460938
2022-10-04,143.42384338378906
2022-10-05,143.7183074951172
2022-10-06,142.7660675048828
2022-10-07,137.52392578125
2022-10-10,137.8478546142578
2022-10-11,136.43423461914062
2022-10-12,135.8059844970703
2022-10-13,140.37075805664062
2022-10-14,135.84524536132812
2022-10-17,139.8014373779297
2022-10-18,141.11688232421875
2022-10-19,141.224853515625
2022-10-20,140.76345825195312
2022-10-21,144.57237243652344
2022-10-24,146.7124481201172
2022-10-25,149.5495147705078
2022-10-26,146.61431884765625
2022-10-27,142.1476287841797
2022-10-28,152.8872528076172
2022-10-31,150.5312042236328
2022-11-01,147.89048767089844
2022-11-02,142.37339782714844
2022-11-03,136.33609008789062
2022-11-04,136.07057189941406
2022-11-07,136.60154724121094
2022-11-08,137.17190551757812
2022-11-09,132.61915588378906
2022-11-10,144.41891479492188
2022-11-11,147.20164489746094
2022-11-14,145.8053741455078
2022-11-15,147.53598022460938
2022-11-16,146.3068389892578
2022-11-17,148.20465087890625
2022-11-18,148.76512145996094
2022-11-21,145.53985595703125
2022-11-22,147.67364501953125
2022-11-23,148.548828125
2022-11-25,145.63821411132812
2022-11-28,141.81314086914062
2022-11-29,138.8140411376953
2022-11-30,145.55953979492188
2022-12-01,145.83486938476562
2022-12-02,145.34320068359375
2022-12-05,144.18289184570312
2022-12-06,140.52496337890625
2022-12-07,138.58786010742188
2022-12-08,140.26930236816406
2022-12-09,139.78749084472656
2022-12-12,142.07862854003906
2022-12-13,143.0422821044922
2022-12-14,140.82000732421875
2022-12-15,134.2219696044922
2022-12-16,132.26516723632812
2022-12-19,130.16087341308594
2022-12-20,130.09207153320312
2022-12-21,133.18948364257812
2022-12-22,130.0232391357422
2022-12-23,129.65940856933594
2022-12-27,127.85994720458984
2022-12-28,123.93653869628906
2022-12-29,127.44694519042969
2022-12-30,127.7615966796875
2023-01-03,122.98271942138672
2023-01-04,124.25120544433594
2023-01-05,122.93354034423828
2023-01-06,127.45677185058594
2023-01-09,127.9779281616211
2023-01-10,128.54824829101562
2023-01-11,131.26220703125
2023-01-12,131.18353271484375
2023-01-13,132.51101684570312
2023-01-17,133.6713104248047
2023-01-18,132.9534912109375
2023-01-19,133.0124969482422
2023-01-20,135.56907653808594
2023-01-23,138.75503540039062
2023-01-24,140.15133666992188
2023-01-25,139.49249267578125
2023-01-26,141.5574951171875
2023-01-27,143.49459838867188
2023-01-30,140.6134796142578
2023-01-31,141.88194274902344
2023-02-01,143.00289916992188
2023-02-02,148.302978515625
2023-02-03,151.92152404785156
2023-02-06,149.1977996826172
2023-02-07,152.06906127929688
2023-02-08,149.38462829589844
2023-02-09,148.35214233398438
2023-02-10,148.7165069580078
2023-02-13,151.51341247558594
2023-02-14,150.87326049804688
2023-02-15,152.970947265625
2023-02-16,151.3755340576172
2023-02-17,150.233154296875
2023-02-21,146.22494506835938
2023-02-22,146.64840698242188
2023-02-23,147.1309814453125
2023-02-24,144.48184204101562
2023-02-27,145.6734619140625
2023-02-28,145.1711883544922
2023-03-01,143.10308837890625
2023-03-02,143.6939697265625
2023-03-03,148.7362060546875
2023-03-06,151.4936981201172
2023-03-07,149.2975616455078
2023-03-08,150.54827880859375
2023-03-09,148.30288696289062
2023-03-10,146.24461364746094
2023-03-13,148.18470764160156
2023-03-14,150.27252197265625
2023-03-15,150.6664581298828
2023-03-16,153.4830322265625
2023-03-17,152.6459197998047
2023-03-20,155.0094451904297
2023-03-21,156.86093139648438
2023-03-22,155.4329376220703
2023-03-23,156.51622009277344
2023-03-24,157.81622314453125
2023-03-27,155.87612915039062
2023-03-28,155.25567626953125
2023-03-29,158.32830810546875
2023-03-30,159.8941650390625
2023-03-31,162.39556884765625
2023-04-03,163.64625549316406
2023-04-04,163.11447143554688
2023-04-05,161.2728729248047
2023-04-06,162.1592254638672
2023-04-10,159.56915283203125
2023-04-11,158.3578338623047
2023-04-12,157.66847229003906
2023-04-13,163.04554748535156
2023-04-14,162.7008819580078
2023-04-17,162.72055053710938
2023-04-18,163.94174194335938
2023-04-19,165.08413696289062
2023-04-20,164.11895751953125
2023-04-21,162.51373291015625
2023-04-24,162.81903076171875
2023-04-25,161.28274536132812
2023-04-26,161.2728729248047
2023-04-27,165.85226440429688
2023-04-28,167.1029815673828
2023-05-01,167.01434326171875
2023-05-02,165.98028564453125
2023-05-03,164.90682983398438
2023-05-04,163.27203369140625
2023-05-05,170.93389892578125
2023-05-08,170.8649444580078
2023-05-09,169.16122436523438
2023-05-10,170.92405700683594
2023-05-11,171.1111297607422
2023-05-12,170.1841278076172
2023-05-15,169.69105529785156
2023-05-16,169.69105529785156
2023-05-17,170.302490234375
2023-05-18,172.62986755371094
2023-05-19,172.7383575439453
2023-05-22,171.7916259765625
2023-05-23,169.18812561035156
2023-05-24,169.4642333984375
2023-05-25,170.59832763671875
2023-05-26,173.00460815429688
2023-05-30,174.84873962402344
2023-05-31,174.79946899414062
2023-06-01,177.60018920898438
2023-06-02,178.44830322265625
2023-06-05,177.09725952148438
2023-06-06,176.7323455810547
2023-06-07,175.36155700683594
2023-06-08,178.07354736328125
2023-06-09,178.45816040039062
2023-06-12,181.24905395507812
2023-06-13,180.77566528320312
2023-06-14,181.40679931640625
2023-06-15,183.43832397460938
2023-06-16,182.36337280273438
2023-06-20,182.45216369628906
2023-06-21,181.4166717529297
2023-06-22,184.41464233398438
2023-06-23,184.09906005859375
2023-06-26,182.70855712890625
2023-06-27,185.4600067138672
2023-06-28,186.633544921875
2023-06-29,186.96885681152344
2023-06-30,191.28826904296875
2023-07-03,189.79917907714844
2023-07-05,188.68479919433594
2023-07-06,189.15814208984375
2023-07-07,188.04376220703125
2023-07-10,186.0023956298828
2023-07-11,185.47970581054688
2023-07-12,187.14637756347656
2023-07-13,187.9057159423828
2023-07-14,188.05364990234375
2023-07-17,191.3080291748047
2023-07-18,191.05162048339844
2023-07-19,192.40267944335938
2023-07-20,190.4599151611328
2023-07-21,189.28636169433594
2023-07-24,190.08517456054688
2023-07-25,190.943115234375
2023-07-26,191.8109588623047
2023-07-27,190.5486297607422
2023-07-28,193.12257385253906
2023-07-31,193.73399353027344
2023-08-01,192.90562438964844
2023-08-02,189.91749572753906
2023-08-03,188.52700805664062
2023-08-04,179.47393798828125
2023-08-07,176.37733459472656
2023-08-08,177.31417846679688
2023-08-09,175.72647094726562
2023-08-10,175.50949096679688
2023-08-11,175.56874084472656
2023-08-14,177.21788024902344
2023-08-15,175.23297119140625
2023-08-16,174.36399841308594
2023-08-17,171.8260955810547
2023-08-18,172.3099822998047
2023-08-21,173.6431121826172
2023-08-22,175.01573181152344
2023-08-23,178.85714721679688
2023-08-24,174.1763916015625
2023-08-25,176.37852478027344
2023-08-28,177.93878173828125
2023-08-29,181.81968688964844
2023-08-30,185.30555725097656
2023-08-31,185.52281188964844
2023-09-01,187.0929718017578
2023-09-05,187.3299102783203
2023-09-06,180.62477111816406
2023-09-07,175.3415985107422
2023-09-08,175.9539031982422
2023-09-11,177.11915588378906
2023-09-12,174.0973663330078
2023-09-13,172.03347778320312
2023-09-14,173.5443572998047
2023-09-15,172.82345581054688
2023-09-18,175.74649047851562
2023-09-19,176.83277893066406
2023-09-20,173.29745483398438
2023-09-21,171.75694274902344
2023-09-22,172.60621643066406
2023-09-25,173.880126953125
2023-09-26,169.81161499023438
2023-09-27,168.3007049560547
2023-09-28,168.5574493408203
2023-09-29,169.07098388671875
2023-10-02,171.5792236328125
2023-10-03,170.24610900878906
2023-10-04,171.4903564453125
2023-10-05,172.72474670410156
2023-10-06,175.2725067138672
2023-10-09,176.75375366210938
2023-10-10,176.16123962402344
2023-10-11,177.5536346435547
2023-10-12,178.45228576660156
2023-10-13,176.6155242919922
2023-10-16,176.4871368408203
2023-10-17,174.93675231933594
2023-10-18,173.6431121826172
2023-10-19,173.2678680419922
2023-10-20,170.7200927734375
2023-10-23,170.83860778808594
2023-10-24,171.27308654785156
2023-10-25,168.96234130859375
2023-10-26,164.804931640625
2023-10-27,166.11831665039062
2023-10-30,168.1624755859375
2023-10-31,168.63644409179688
2023-11-01,171.79647827148438
2023-11-02,175.35150146484375
2023-11-03,174.4429931640625
2023-11-06,176.99073791503906
2023-11-07,179.5483856201172
2023-11-08,180.60504150390625
2023-11-09,180.1310272216797
2023-11-10,184.3136749267578
2023-11-13,182.73159790039062
2023-11-14,185.34205627441406
2023-11-15,185.9056396484375
2023-11-16,187.586669921875
2023-11-17,187.56686401367188
2023-11-20,189.3071746826172
2023-11-21,188.5062255859375
2023-11-22,189.16871643066406
2023-11-24,187.84371948242188
2023-11-27,187.6657257080078
2023-11-28,188.26890563964844
2023-11-29,187.25042724609375
2023-11-30,187.82391357421875
2023-12-01,189.09951782226562
2023-12-04,187.30975341796875
2023-12-05,191.25511169433594
2023-12-06,190.16741943359375
2023-12-07,192.09559631347656
2023-12-08,193.51947021484375
2023-12-11,191.01780700683594
2023-12-12,192.5306854248047
2023-12-13,195.74432373046875
2023-12-14,195.8926239013672
2023-12-15,195.35865783691406
2023-12-18,193.69744873046875
2023-12-19,194.73570251464844
2023-12-20,192.6493377685547
2023-12-21,192.5009765625
2023-12-22,191.43312072753906
2023-12-26,190.88926696777344
2023-12-27,190.9881134033203
2023-12-28,191.4132843017578
2023-12-29,190.3750457763672
2024-01-02,183.56219482421875
2024-01-03,182.18775939941406
2024-01-04,179.8739471435547
2024-01-05,179.15208435058594
2024-01-08,183.4830780029297
2024-01-09,183.06777954101562
2024-01-10,184.10601806640625
2024-01-11,183.51275634765625
2024-01-12,183.83908081054688
2024-01-16,181.57469177246094
2024-01-17,180.63531494140625
2024-01-18,186.5187225341797
2024-01-19,189.41590881347656
2024-01-22,191.71983337402344
2024-01-23,192.9954071044922
2024-01-24,192.32301330566406
2024-01-25,191.9967041015625
2024-01-26,190.2663116455078
2024-01-29,189.58404541015625
2024-01-30,185.935302734375
2024-01-31,182.33604431152344
2024-02-01,184.7685546875
2024-02-02,183.7698516845703
2024-02-05,185.579345703125
2024-02-06,187.18121337890625
2024-02-07,187.2899932861328
2024-02-08,186.21221923828125
2024-02-09,186.97454833984375
2024-02-12,185.2914276123047
2024-02-13,183.20237731933594
2024-02-14,182.3212127685547
2024-02-15,182.0341033935547
2024-02-16,180.49948120117188
2024-02-20,179.7569580078125
2024-02-21,180.50938415527344
2024-02-22,182.53904724121094
2024-02-23,180.70741271972656
2024-02-26,179.3609161376953
2024-02-27,180.81631469726562
2024-02-28,179.6183319091797
2024-02-29,178.9549560546875
2024-03-01,177.87579345703125
2024-03-04,173.36109924316406
2024-03-05,168.4305419921875
2024-03-06,167.44046020507812
2024-03-07,167.32167053222656
2024-03-08,169.03448486328125
2024-03-11,171.03443908691406
2024-03-12,171.50965881347656
2024-03-13,169.43051147460938
2024-03-14,171.28195190429688
2024-03-15,170.90570068359375
2024-03-18,171.9947967529297
2024-03-19,174.3313446044922
2024-03-20,176.89564514160156
2024-03-21,169.6681365966797
2024-03-22,170.56910705566406
2024-03-25,169.1533203125
2024-03-26,168.02462768554688
2024-03-27,171.5888671875
2024-03-28,169.77700805664062
2024-04-01,168.3414306640625
2024-04-02,167.16323852539062
2024-04-03,167.9652099609375
2024-04-04,167.14344787597656
2024-04-05,167.8959197998047
2024-04-08,166.7771453857422
2024-04-09,167.98500061035156
2024-04-10,166.11378479003906
2024-04-11,173.3016815185547
2024-04-12,174.7967071533203
2024-04-15,170.97503662109375
2024-04-16,167.6979217529297
2024-04-17,166.33160400390625
2024-04-18,165.38111877441406
2024-04-19,163.3614044189453
2024-04-22,164.1930389404297
2024-04-23,165.2425079345703
2024-04-24,167.34146118164062
2024-04-25,168.20281982421875
2024-04-26,167.61868286132812
2024-04-29,171.7769775390625
2024-04-30,168.6384735107422
2024-05-01,167.61868286132812
2024-05-02,171.31166076660156
2024-05-03,181.55886840820312
2024-05-06,179.9054718017578
2024-05-07,180.5885772705078
2024-05-08,180.92523193359375
2024-05-09,182.737060546875
2024-05-10,181.4779815673828
2024-05-13,184.68020629882812
2024-05-14,185.82034301757812
2024-05-15,188.09068298339844
2024-05-16,188.2096405029297
2024-05-17,188.2393798828125
2024-05-20,189.3993377685547
2024-05-21,190.69808959960938
2024-05-22,189.26052856445312
2024-05-23,185.27503967285156
2024-05-24,188.34844970703125
2024-05-28,188.35836791992188
2024-05-29,188.65579223632812
2024-05-30,189.6471710205078
2024-05-31,190.5989532470703
2024-06-03,192.36367797851562
2024-06-04,192.680908203125
2024-06-05,194.1878662109375
2024-06-06,192.80979919433594
2024-06-07,195.19911193847656
2024-06-10,191.46145629882812
2024-06-11,205.37098693847656
2024-06-12,211.24014282226562
2024-06-13,212.4001007080078
2024-06-14,210.6651153564453
2024-06-17,214.8092041015625
2024-06-18,212.4496612548828
2024-06-20,207.87924194335938
2024-06-21,205.70806884765625
2024-06-24,206.3524627685547
2024-06-25,207.27450561523438
2024-06-26,211.4185791015625
2024-06-27,212.26129150390625
2024-06-28,208.81118774414062
2024-07-01,214.88853454589844
2024-07-02,218.37832641601562
2024-07-03,219.64732360839844
2024-07-05,224.39617919921875
2024-07-08,225.8634796142578
2024-07-09,226.71607971191406
2024-07-10,230.97914123535156
2024-07-11,225.61563110351562
2024-07-12,228.56008911132812
2024-07-15,232.386962890625
2024-07-16,232.80335998535156
2024-07-17,226.9143829345703
2024-07-18,222.25473022460938
2024-07-19,222.3836212158203
2024-07-22,222.03660583496094
2024-07-23,223.07760620117188
2024-07-24,216.66314697265625
2024-07-25,215.6221923828125
2024-07-26,216.08815002441406
2024-07-29,216.36573791503906
2024-07-30,216.92095947265625
2024-07-31,220.17274475097656
2024-08-01,216.48471069335938
2024-08-02,217.97181701660156
2024-08-05,207.4727783203125
2024-08-06,205.45028686523438
2024-08-07,208.01806640625
2024-08-08,211.4781036376953
2024-08-09,214.38290405273438
2024-08-12,215.91148376464844
2024-08-13,219.62364196777344
2024-08-14,220.07028198242188
2024-08-15,223.0479736328125
2024-08-16,224.3680877685547
2024-08-19,224.20925903320312
2024-08-20,224.8246612548828
2024-08-21,224.71548461914062
2024-08-22,222.85939025878906
2024-08-23,225.15219116210938
2024-08-26,225.48965454101562
2024-08-27,226.33334350585938
2024-08-28,224.80479431152344
2024-08-29,228.0802459716797
2024-08-30,227.29612731933594
2024-09-03,221.11248779296875
2024-09-04,219.20677185058594
2024-09-05,220.7253875732422
2024-09-06,219.17698669433594
2024-09-09,219.26632690429688
2024-09-10,218.47227478027344
2024-09-11,221.00331115722656
2024-09-12,221.11248779296875
2024-09-13,220.844482421875
2024-09-16,214.71047973632812
2024-09-17,215.17697143554688
2024-09-18,219.04794311523438
2024-09-19,227.16708374023438
2024-09-20,226.50209045410156
2024-09-23,224.78492736816406
2024-09-24,225.67823791503906
2024-09-25,224.68569946289062
2024-09-26,225.82711791992188
2024-09-27,226.09510803222656
2024-09-30,231.26638793945312
2024-10-01,224.52687072753906
2024-10-02,225.09263610839844
2024-10-03,223.9908905029297
2024-10-04,225.11251831054688
2024-10-07,220.04051208496094
2024-10-08,224.09014892578125
2024-10-09,227.83212280273438
2024-10-10,227.33580017089844
2024-10-11,225.85690307617188
2024-10-14,229.57901000976562
2024-10-15,232.1100616455078
2024-10-16,230.05543518066406
2024-10-17,230.42266845703125
2024-10-18,233.25146484375
2024-10-21,234.72047424316406
2024-10-22,234.10508728027344
2024-10-23,229.04302978515625
2024-10-24,228.85443115234375
2024-10-25,229.68820190429688
2024-10-28,231.6633758544922
2024-10-29,231.9313507080078
2024-10-30,228.38792419433594
2024-10-31,224.22914123535156
2024-11-01,221.25144958496094
2024-11-04,220.35812377929688
2024-11-05,221.7874298095703
2024-11-06,221.06285095214844
2024-11-07,225.7874298095703
2024-11-08,225.51914978027344
2024-11-11,222.8064727783203
2024-11-12,222.8064727783203
2024-11-13,223.69082641601562
2024-11-14,226.77113342285156
2024-11-15,223.5715789794922
2024-11-18,226.57241821289062
2024-11-19,226.8307647705078
2024-11-20,227.5461883544922
2024-11-21,227.06922912597656
2024-11-22,228.41065979003906
2024-11-25,231.39163208007812
2024-11-26,233.56771850585938
2024-11-27,233.4385528564453
2024-11-29,235.8233184814453
2024-12-02,238.06895446777344
2024-12-03,241.10952758789062
2024-12-04,241.4672393798828
2024-12-05,241.49705505371094
2024-12-06,241.29832458496094
2024-12-09,245.18350219726562
2024-12-10,246.19703674316406
2024-12-11,244.92515563964844
2024-12-12,246.38583374023438
2024-12-13,246.55474853515625
2024-12-16,249.44627380371094
2024-12-17,251.87075805664062
2024-12-18,246.47525024414062
2024-12-19,248.20420837402344
2024-12-20,252.8743896484375
2024-12-23,253.64944458007812
2024-12-24,256.5608215332031
2024-12-26,257.37554931640625
2024-12-27,253.96739196777344
2024-12-30,250.59890747070312
2024-12-31,248.83023071289062
2025-01-02,242.3019256591797
2025-01-03,241.8150177001953
2025-01-06,243.4446258544922
2025-01-07,240.67234802246094
2025-01-08,241.15921020507812
2025-01-10,235.34634399414062
2025-01-13,232.9119110107422
2025-01-14,231.7990264892578
2025-01-15,236.35989379882812
2025-01-16,226.8109130859375
2025-01-17,228.5199737548828
2025-01-21,221.2265625
2025-01-22,222.4090118408203
2025-01-23,222.24009704589844
2025-01-24,221.3656768798828
2025-01-27,228.40074157714844
2025-01-28,236.7473907470703
2025-01-29,237.84043884277344
2025-01-30,236.08168029785156
2025-01-31,234.5017547607422
2025-02-03,226.56246948242188
2025-02-04,231.3220672607422
2025-02-05,230.99417114257812
2025-02-06,231.73941040039062
2025-02-07,226.1848907470703
2025-02-10,226.45346069335938
2025-02-11,231.3973388671875
2025-02-12,235.62501525878906
2025-02-13,240.26051330566406
2025-02-14,243.3143768310547
2025-02-18,243.18504333496094
2025-02-19,243.5829620361328
2025-02-20,244.53793334960938
2025-02-21,244.25938415527344
2025-02-24,245.80123901367188
2025-02-25,245.74156188964844
2025-02-26,239.09666442871094
2025-02-27,236.05276489257812
2025-02-28,240.5688934326172
2025-03-03,236.77890014648438
2025-03-04,234.68995666503906
2025-03-05,234.50094604492188
2025-03-06,234.09310913085938
2025-03-07,237.81346130371094
2025-03-10,226.28436279296875
2025-03-11,219.67926025390625
2025-03-12,215.8395538330078
2025-03-13,208.57791137695312
2025-03-14,212.36790466308594
2025-03-17,212.87521362304688
2025-03-18,211.5720977783203
2025-03-19,214.1087188720703
2025-03-20,212.97470092773438
2025-03-21,217.12277221679688
2025-03-24,219.56985473632812
2025-03-25,222.573974609375
2025-03-26,220.36563110351562
2025-03-27,222.67344665527344
2025-03-28,216.75473022460938
2025-03-31,220.9624786376953
2025-04-01,222.0169219970703
2025-04-02,222.71324157714844
2025-04-03,202.1220245361328
2025-04-04,187.38987731933594
2025-04-07,180.50625610351562
2025-04-08,171.51376342773438
2025-04-09,197.80484008789062
2025-04-10,189.41915893554688
2025-04-11,197.1085205078125
2025-04-14,201.45553588867188
2025-04-15,201.07754516601562
2025-04-16,193.24891662597656
2025-04-17,195.94467163085938
2025-04-21,192.14476013183594
2025-04-22,198.69017028808594
2025-04-23,203.52462768554688
2025-04-24,207.27481079101562
2025-04-25,208.18002319335938
2025-04-28,209.03550720214844
2025-04-29,210.09988403320312
2025-04-30,211.3831024169922
2025-05-01,212.19879150390625
2025-05-02,204.27069091796875
2025-05-05,197.8446502685547
2025-05-06,197.46661376953125
2025-05-07,195.21852111816406
2025-05-08,196.45201110839844
2025-05-09,197.4865264892578
2025-05-12,209.95704650878906
2025-05-13,212.08860778808594
2025-05-14,211.490966796875
2025-05-15,210.61444091796875
2025-05-16,210.42520141601562
2025-05-19,207.95501708984375
2025-05-20,206.04258728027344
2025-05-21,201.2914276123047
2025-05-22,200.56431579589844
2025-05-23,194.49838256835938
2025-05-27,199.4188690185547
2025-05-28,199.62803649902344
2025-05-29,199.15988159179688
2025-05-30,200.05633544921875
2025-06-02,200.90298461914062
2025-06-03,202.46678161621094
2025-06-04,202.0185546875
2025-06-05,199.8372039794922
2025-06-06,203.11419677734375
2025-06-09,200.65396118164062
2025-06-10,201.86912536621094
2025-06-11,197.99452209472656
2025-06-12,198.41285705566406
2025-06-13,195.67372131347656
2025-06-16,197.6359405517578
2025-06-17,194.86692810058594
2025-06-18,195.80320739746094
2025-06-20,200.20574951171875
2025-06-23,200.70376586914062
2025-06-24,199.5084991455078
2025-06-25,200.76351928710938
2025-06-26,200.20574951171875
2025-06-27,200.28543090820312
2025-06-30,204.35926818847656
2025-07-01,206.99879455566406
2025-07-02,211.6005401611328
2025-07-03,212.70616149902344
2025-07-07,209.12037658691406
2025-07-08,209.18014526367188
2025-07-09,210.30564880371094
2025-07-10,211.57066345214844
2025-07-11,210.32559204101562
2025-07-14,207.79562377929688
2025-07-15,208.28370666503906
2025-07-16,209.32952880859375
2025-07-17,209.1901092529297
2025-07-18,210.3455047607422
2025-07-21,211.64036560058594
2025-07-22,213.5527801513672
2025-07-23,213.30377197265625
2025-07-24,212.91531372070312
2025-07-25,213.0348663330078
2025-07-28,213.20416259765625
2025-07-29,210.43516540527344
2025-07-30,208.2239227294922
2025-07-31,206.74977111816406
2025-08-01,201.58030700683594
2025-08-04,202.5464630126953
2025-08-05,202.11814880371094
2025-08-06,212.40733337402344
2025-08-07,219.16055297851562
2025-08-08,228.4437255859375
2025-08-11,226.53909301757812
2025-08-12,229.00210571289062
2025-08-13,232.6717529296875
2025-08-14,232.12330627441406
2025-08-15,230.93666076660156
2025-08-18,230.23863220214844
2025-08-19,229.90957641601562
2025-08-20,225.3723907470703
2025-08-21,224.26551818847656
2025-08-22,227.11744689941406
2025-08-25,226.5191650390625
2025-08-26,228.6630859375
2025-08-27,229.8397674560547
2025-08-28,231.90391540527344
2025-08-29,231.485107421875
2025-09-02,229.07192993164062
2025-09-03,237.79725646972656
2025-09-04,239.1035614013672
2025-09-05,239.0137939453125
2025-09-08,237.2089080810547
2025-09-09,233.68887329101562
2025-09-10,226.15020751953125
2025-09-11,229.3810577392578
2025-09-12,233.40966796875
2025-09-15,236.03224182128906
2025-09-16,237.4781494140625
2025-09-17,238.3157958984375
2025-09-18,237.2089080810547
2025-09-19,244.80740356445312
2025-09-22,255.35755920410156
2025-09-23,253.71221923828125
2025-09-24,251.59820556640625
2025-09-25,256.1453552246094
2025-09-26,254.73931884765625
2025-09-29,253.71221923828125
2025-09-30,253.9116668701172
2025-10-01,254.72935485839844
2025-10-02,256.40460205078125
2025-10-03,257.2920837402344
2025-10-06,255.96585083007812
2025-10-07,255.75643920898438
2025-10-08,257.3320007324219
2025-10-09,253.3233184814453
2025-10-10,244.57806396484375
2025-10-13,246.96131896972656
2025-10-14,247.07101440429688
2025-10-15,248.63658142089844
2025-10-16,246.75192260742188
2025-10-17,251.5782470703125
2025-10-20,261.50018310546875
2025-10-21,262.0287170410156
2025-10-22,257.72088623046875
2025-10-23,258.8476867675781
2025-10-24,262.07855224609375
2025-10-27,268.0516662597656
2025-10-28,268.2411193847656
2025-10-29,268.93914794921875
2025-10-30,270.63433837890625
2025-10-31,269.6072692871094
2025-11-03,268.29095458984375
2025-11-04,269.2781982421875
2025-11-05,269.3779296875
2025-11-06,269.0089416503906
2025-11-07,267.7126159667969
2025-11-10,268.93035888671875
2025-11-11,274.73956298828125
2025-11-12,272.9628601074219
2025-11-13,272.44384765625
2025-11-14,271.9048156738281
2025-11-17,266.9639892578125
2025-11-18,266.9440612792969
2025-11-19,268.06195068359375
2025-11-20,265.7562561035156
2025-11-21,270.98651123046875
2025-11-24,275.4083251953125
2025-11-25,276.4563903808594
2025-11-26,277.0352783203125
2025-11-28,278.3328857421875
2025-12-01,282.57501220703125
2025-12-02,285.6592712402344
2025-12-03,283.623046875
2025-12-04,280.179443359375
2025-12-05,278.26300048828125
2025-12-08,277.3746643066406
2025-12-09,276.66595458984375
2025-12-10,278.26300048828125
2025-12-11,277.514404296875
2025-12-12,277.7639465332031
2025-12-15,273.6016540527344
2025-12-16,274.1007385253906
2025-12-17,271.33587646484375
2025-12-18,271.68524169921875
2025-12-19,273.1625061035156
2025-12-22,270.4674987792969
2025-12-23,271.85491943359375
2025-12-24,273.3022155761719
2025-12-26,272.8929748535156
2025-12-29,273.2523498535156
2025-12-30,272.5735778808594
2025-12-31,271.3558349609375
2026-01-02,270.5074157714844
2026-01-05,266.7643737792969
2026-01-06,261.8734436035156
2026-01-07,259.8471984863281
2026-01-08,258.55963134765625
2026-01-09,258.8890075683594
2026-01-12,259.76739501953125
2026-01-13,260.5658874511719
2026-01-14,259.4779052734375
2026-01-15,257.73114013671875
2026-01-16,255.05613708496094
2026-01-20,246.2425079345703
2026-01-21,247.1907501220703
2026-01-22,247.8894500732422
2026-01-23,247.58001708984375
2026-01-26,254.9363555908203
2026-01-27,257.791015625
2026-01-28,255.96446228027344
2026-01-29,257.801025390625
2026-01-30,258.9988098144531
2026-02-02,269.5093078613281
2026-02-03,268.98028564453125
2026-02-04,275.97723388671875
2026-02-05,275.3983459472656
2026-02-06,277.6042175292969
2026-02-09,274.3672180175781
2026-02-10,273.4280700683594
2026-02-11,275.24639892578125
2026-02-12,261.4891052246094
2026-02-13,255.5445556640625
2026-02-17,263.6371154785156
2026-02-18,264.106689453125
2026-02-19,260.3401184082031
2026-02-20,264.3364562988281
2026-02-23,265.9349670410156
2026-02-24,271.8895263671875
2026-02-25,273.97760009765625
2026-02-26,272.6987609863281
2026-02-27,263.93682861328125
2026-03-02,264.476318359375
2026-03-03,263.5072326660156
2026-03-04,262.2783508300781
2026-03-05,260.0504150390625
2026-03-06,257.2229919433594
2026-03-09,259.6407775878906
2026-03-10,260.58990478515625
2026-03-11,260.5699157714844
2026-03-12,255.52456665039062
2026-03-13,249.8897705078125
2026-03-16,252.58729553222656
2026-03-17,253.99598693847656
2026-03-18,249.70994567871094
2026-03-19,248.73085021972656
2026-03-20,247.76173400878906
2026-03-23,251.25851440429688
2026-03-24,251.4083709716797
2026-03-25,252.38746643066406
2026-03-26,252.6572265625
2026-03-27,248.57098388671875
2026-03-30,246.40298461914062
2026-03-31,253.55638122558594
2026-04-01,255.3946990966797
2026-04-02,255.68443298339844
2026-04-06,258.6217041015625
2026-04-07,253.26666259765625
2026-04-08,258.66168212890625
2026-04-09,260.2502136230469
2026-04-10,260.240234375
2026-04-13,258.96142578125
2026-04-14,258.59173583984375
2026-04-15,266.18475341796875
2026-04-16,263.15753173828125
2026-04-17,269.98126220703125
2026-04-20,272.79864501953125
2026-04-21,265.9250183105469
2026-04-22,272.9185791015625
2026-04-23,273.1783142089844
2026-04-24,270.81048583984375
2026-04-27,267.3636474609375
2026-04-28,270.4608154296875
2026-04-29,269.92132568359375
2026-04-30,271.1002502441406
2026-05-01,279.88214111328125
2026-05-04,276.5751647949219
2026-05-05,283.9184265136719
2026-05-06,287.245361328125
2026-05-07,287.1754150390625
2026-05-08,293.0500183105469
2026-05-11,292.67999267578125
2026-05-12,294.79998779296875
2026-05-13,298.8699951171875
2026-05-14,298.2099914550781
2026-05-15,300.2300109863281
2026-05-18,297.8399963378906
2026-05-19,298.9700012207031
2026-05-20,302.25
2026-05-21,304.989990234375
2026-05-22,308.82000732421875
2026-05-26,308.3299865722656
2026-05-27,310.8500061035156
2026-05-28,312.510009765625
2026-05-29,312.05999755859375
2026-06-01,306.30999755859375
2026-06-02,315.20001220703125
2026-06-03,310.260009765625
2026-06-04,311.2300109863281
2026-06-05,307.3399963378906
2026-06-08,301.5400085449219
2026-06-09,290.54998779296875
2026-06-10,291.5799865722656
2026-06-11,295.6300048828125
2026-06-12,291.1300048828125
2026-06-15,296.4200134277344
2026-06-16,299.239990234375
2026-06-17,295.95001220703125
2026-06-18,298.010009765625
2026-06-22,297.010009765625
2026-06-23,294.29998779296875
2026-06-24,293.0799865722656
2026-06-25,275.1499938964844
2026-06-26,283.7799987792969
2026-06-29,281.739990234375
2026-06-30,289.3599853515625
2026-07-01,294.3800048828125
2026-07-02,308.6300048828125
2026-07-06,312.6600036621094
2026-07-07,310.6600036621094
2026-07-08,313.3900146484375
2026-07-09,316.2200012207031
2026-07-10,315.32000732421875
2026-07-13,317.30999755859375
2026-07-14,314.8599853515625
2026-07-15,327.5
