GradeDate,Firm,currentPriceTarget,priorPriceTarget
2020-01-10,Bernstein,2050.0,0.0
2020-01-16,Morgan Stanley,2200.0,2100.0
2020-01-17,UBS,2305.0,2100.0
2020-01-22,Pivotal Research,2250.0,2100.0
2020-01-23,"Monness, Crespi, Hardt",2250.0,0.0
2020-01-27,Benchmark,2300.0,2100.0
2020-01-29,Deutsche Bank,2275.0,2150.0
2020-01-29,BMO Capital,2150.0,2000.0
2020-01-31,"Monness, Crespi, Hardt",2650.0,2250.0
2020-01-31,CFRA,2300.0,1950.0
2020-01-31,B of A Securities,2480.0,2330.0
2020-01-31,Susquehanna,2500.0,2200.0
2020-01-31,Morgan Stanley,2400.0,2200.0
2020-01-31,RBC Capital,2700.0,2500.0
2020-01-31,DA Davidson,2625.0,2550.0
2020-01-31,Baird,2275.0,2080.0
2020-01-31,BMO Capital,2450.0,2150.0
2020-01-31,Piper Sandler,2450.0,2150.0
2020-01-31,JMP Securities,2450.0,2250.0
2020-01-31,Stifel,2400.0,2150.0
2020-01-31,Cowen & Co.,2650.0,2400.0
2020-01-31,UBS,2440.0,2305.0
2020-01-31,Raymond James,2400.0,2020.0
2020-01-31,Bernstein,2150.0,2050.0
2020-01-31,Oppenheimer,2400.0,2040.0
2020-01-31,Mizuho,2400.0,2150.0
2020-01-31,Credit Suisse,2400.0,2100.0
2020-01-31,Wells Fargo,2500.0,2300.0
2020-01-31,Keybanc,2400.0,2200.0
2020-01-31,Goldman Sachs,2600.0,2200.0
2020-02-05,Citigroup,2400.0,2200.0
2020-02-13,Aegis Capital,2525.0,2100.0
2020-03-17,Wedbush,2325.0,0.0
2020-03-25,Jefferies,2300.0,2300.0
2020-03-26,Deutsche Bank,2300.0,2400.0
2020-03-30,BMO Capital,2650.0,2450.0
2020-04-14,Mizuho,2300.0,2350.0
2020-04-15,Baird,2550.0,2275.0
2020-04-22,Wedbush,2750.0,2325.0
2020-04-22,Jefferies,2800.0,2300.0
2020-04-23,Goldman Sachs,2900.0,2600.0
2020-04-24,Stifel,2600.0,2400.0
2020-04-24,MKM Partners,2500.0,2325.0
2020-04-27,SunTrust Robinson Humphrey,2770.0,2450.0
2020-04-27,Oppenheimer,2700.0,2400.0
2020-04-27,Credit Suisse,2800.0,2400.0
2020-04-28,Bernstein,2400.0,2150.0
2020-04-30,Citigroup,2700.0,2400.0
2020-05-01,BMO Capital,2850.0,2650.0
2020-05-01,"Monness, Crespi, Hardt",2800.0,2650.0
2020-05-01,SunTrust Robinson Humphrey,2700.0,2770.0
2020-05-01,JMP Securities,2850.0,2650.0
2020-05-01,Wedbush,2750.0,2750.0
2020-05-01,Guggenheim,2700.0,2250.0
2020-05-01,Benchmark,2650.0,2450.0
2020-05-01,Stifel,2600.0,2600.0
2020-05-01,UBS,3000.0,2440.0
2020-05-01,Canaccord Genuity,2750.0,2600.0
2020-05-01,B of A Securities,2600.0,2480.0
2020-05-01,Mizuho,2550.0,2300.0
2020-05-01,Pivotal Research,2700.0,2450.0
2020-05-01,Morgan Stanley,2600.0,2400.0
2020-05-01,RBC Capital,2700.0,2600.0
2020-05-01,Raymond James,2525.0,2400.0
2020-05-01,Susquehanna,3000.0,2500.0
2020-05-01,Credit Suisse,2760.0,2800.0
2020-05-01,Keybanc,2700.0,2400.0
2020-05-01,MKM Partners,2525.0,2500.0
2020-05-06,China Renaissance,2162.0,1850.0
2020-05-26,B of A Securities,2600.0,2600.0
2020-06-01,Morgan Stanley,2800.0,2600.0
2020-06-05,Pivotal Research,2700.0,2700.0
2020-06-08,B of A Securities,3000.0,0.0
2020-06-08,RBC Capital,3300.0,2700.0
2020-06-08,Baird,2750.0,2550.0
2020-06-10,Jefferies,3100.0,2800.0
2020-06-17,Needham,3200.0,0.0
2020-06-24,Wedbush,3050.0,2750.0
2020-06-26,SunTrust Robinson Humphrey,3400.0,2700.0
2020-06-26,Deutsche Bank,3333.0,2750.0
2020-06-29,B of A Securities,3000.0,3000.0
2020-06-30,Mizuho,3100.0,2550.0
2020-07-01,Canaccord Genuity,3300.0,2750.0
2020-07-07,Baird,3300.0,2750.0
2020-07-10,Jefferies,3100.0,3100.0
2020-07-13,Mizuho,3450.0,3100.0
2020-07-13,Barclays,3430.0,2500.0
2020-07-16,Morgan Stanley,3450.0,2800.0
2020-07-20,MKM Partners,3350.0,2525.0
2020-07-20,Jefferies,3800.0,3100.0
2020-07-24,Credit Suisse,3400.0,2760.0
2020-07-24,Keybanc,3285.0,2700.0
2020-07-24,Bernstein,3300.0,2400.0
2020-07-27,B of A Securities,3280.0,3000.0
2020-07-27,Wedbush,3500.0,3050.0
2020-07-30,BMO Capital,3500.0,2850.0
2020-07-31,Benchmark,3675.0,2650.0
2020-07-31,MKM Partners,3650.0,3350.0
2020-07-31,Guggenheim,3600.0,2700.0
2020-07-31,Baird,3500.0,3300.0
2020-07-31,Mizuho,3700.0,3450.0
2020-07-31,DA Davidson,3800.0,2625.0
2020-07-31,Canaccord Genuity,3800.0,3300.0
2020-07-31,Credit Suisse,3680.0,3400.0
2020-07-31,Morgan Stanley,3750.0,3450.0
2020-07-31,Raymond James,3500.0,2525.0
2020-07-31,Needham,3700.0,3200.0
2020-07-31,Keybanc,3500.0,3285.0
2020-07-31,Barclays,3530.0,3430.0
2020-09-22,Bernstein,3400.0,0.0
2020-10-01,Pivotal Research,4500.0,3925.0
2020-10-07,Benchmark,3800.0,3675.0
2020-10-09,Mizuho,4000.0,3700.0
2020-10-15,Morgan Stanley,3740.0,3750.0
2020-10-16,Morgan Stanley,3750.0,3740.0
2020-10-23,BMO Capital,3800.0,0.0
2020-10-27,Credit Suisse,3700.0,3680.0
2020-10-27,Deutsche Bank,4050.0,4000.0
2020-10-30,JP Morgan,4100.0,4050.0
2020-10-30,Piper Sandler,3903.0,3860.0
2020-10-30,MKM Partners,3750.0,3650.0
2020-10-30,Benchmark,4000.0,3800.0
2020-10-30,Barclays,3660.0,3530.0
2020-10-30,Credit Suisse,3750.0,3700.0
2020-10-30,Baird,3700.0,3500.0
2020-10-30,Bernstein,3700.0,3400.0
2020-11-03,Citigroup,3600.0,3550.0
2020-11-04,China Renaissance,4000.0,0.0
2021-01-11,Baird,3700.0,3700.0
2021-01-15,Morgan Stanley,3900.0,3750.0
2021-01-22,Credit Suisse,3860.0,3750.0
2021-01-27,Stifel,3600.0,3500.0
2021-02-01,Oppenheimer,4100.0,3700.0
2021-02-03,UBS,4150.0,4000.0
2021-02-03,Benchmark,4400.0,4000.0
2021-02-03,Cowen & Co.,4400.0,4350.0
2021-02-03,Jefferies,4000.0,3800.0
2021-02-03,Truist Securities,3750.0,3650.0
2021-02-03,"Monness, Crespi, Hardt",4250.0,4000.0
2021-02-03,MKM Partners,3975.0,3750.0
2021-02-03,Wedbush,4000.0,3900.0
2021-02-03,Guggenheim,4000.0,3600.0
2021-02-03,Canaccord Genuity,4100.0,3800.0
2021-02-03,Credit Suisse,3940.0,3860.0
2021-02-03,Morgan Stanley,4200.0,3900.0
2021-02-03,Barclays,3860.0,3660.0
2021-02-03,Deutsche Bank,4250.0,4050.0
2021-02-03,JMP Securities,4350.0,4075.0
2021-02-03,Raymond James,4000.0,3500.0
2021-02-03,Pivotal Research,4650.0,4500.0
2021-02-03,Keybanc,3700.0,3500.0
2021-02-03,Stifel,4000.0,3600.0
2021-02-03,JP Morgan,4400.0,4155.0
2021-02-17,Citigroup,3750.0,3600.0
2021-03-26,"Monness, Crespi, Hardt",4250.0,4250.0
2021-04-01,Guggenheim,4000.0,4000.0
2021-04-07,Piper Sandler,3903.0,3903.0
2021-04-16,Credit Suisse,3950.0,3940.0
2021-04-21,Oppenheimer,4200.0,4100.0
2021-04-23,BMO Capital,4200.0,4000.0
2021-04-30,Keybanc,4000.0,3700.0
2021-04-30,Piper Sandler,4000.0,3903.0
2021-04-30,MKM Partners,4075.0,3975.0
2021-04-30,Credit Suisse,4000.0,3950.0
2021-04-30,BMO Capital,4300.0,4200.0
2021-04-30,Wells Fargo,4500.0,4100.0
2021-04-30,Needham,4150.0,3700.0
2021-04-30,UBS,4350.0,4150.0
2021-04-30,Stifel,4400.0,4000.0
2021-04-30,Barclays,4300.0,3860.0
2021-04-30,Canaccord Genuity,4400.0,4100.0
2021-04-30,Raymond James,4125.0,4000.0
2021-04-30,Bernstein,4000.0,3800.0
2021-04-30,Mizuho,4400.0,4000.0
2021-04-30,Morgan Stanley,4500.0,4200.0
2021-04-30,Susquehanna,5500.0,5200.0
2021-04-30,JMP Securities,4500.0,4350.0
2021-04-30,Truist Securities,4000.0,3750.0
2021-04-30,Jefferies,4200.0,4000.0
2021-05-03,China Renaissance,4500.0,4200.0
2021-05-12,Citigroup,4175.0,3750.0
2021-06-17,Tigress Financial,4370.0,0.0
2021-06-18,"Monness, Crespi, Hardt",4500.0,0.0
2021-06-18,JP Morgan,4600.0,0.0
2021-06-21,Jefferies,4200.0,4200.0
2021-06-21,Loop Capital,3775.0,0.0
2021-06-28,Jefferies,4200.0,4200.0
2021-07-21,Bernstein,4200.0,4000.0
2021-07-26,Credit Suisse,4850.0,4000.0
2021-07-30,Raymond James,3900.0,4125.0
2021-07-30,Benchmark,4200.0,4400.0
2021-07-30,Jefferies,4200.0,4200.0
2021-07-30,Morgan Stanley,4300.0,4500.0
2021-07-30,Piper Sandler,3904.0,4000.0
2021-07-30,BMO Capital,4100.0,4300.0
2021-07-30,Mizuho,4100.0,4400.0
2021-07-30,Oppenheimer,4200.0,4400.0
2021-07-30,UBS,4020.0,4350.0
2021-07-30,Cowen & Co.,4400.0,4600.0
2021-07-30,Credit Suisse,4700.0,4850.0
2021-07-30,Truist Securities,3800.0,4000.0
2021-09-13,Goldman Sachs,4250.0,0.0
2021-09-14,Evercore ISI Group,4700.0,4200.0
2021-09-27,Morgan Stanley,4100.0,4300.0
2021-09-29,JP Morgan,4350.0,4100.0
2021-10-01,RBC Capital,4150.0,0.0
2021-10-05,Wolfe Research,3850.0,3900.0
2021-10-07,Cowen & Co.,4300.0,4400.0
2021-10-14,Evercore ISI Group,4700.0,4700.0
2021-10-22,Credit Suisse,4200.0,4700.0
2021-10-22,BMO Capital,4100.0,4100.0
2021-10-29,RBC Capital,4000.0,4150.0
2021-10-29,Benchmark,4000.0,4400.0
2021-10-29,"Monness, Crespi, Hardt",4500.0,4500.0
2021-10-29,Piper Sandler,3875.0,3904.0
2021-10-29,Jefferies,4000.0,4200.0
2021-10-29,Truist Securities,4000.0,3800.0
2021-10-29,Mizuho,3950.0,4100.0
2021-10-29,Credit Suisse,4100.0,4200.0
2021-10-29,Morgan Stanley,4000.0,4100.0
2021-10-29,Oppenheimer,4200.0,4200.0
2021-10-29,Raymond James,3840.0,3900.0
2021-10-29,Barclays,3800.0,4130.0
2021-10-29,JMP Securities,4000.0,4500.0
2021-10-29,Telsey Advisory Group,3850.0,4000.0
2021-10-29,Wolfe Research,3800.0,3850.0
2021-11-10,Tigress Financial,4460.0,0.0
2021-12-02,Evercore ISI Group,4300.0,0.0
2021-12-17,"Monness, Crespi, Hardt",4500.0,4500.0
2022-01-04,Wolfe Research,4100.0,3800.0
2022-01-04,RBC Capital,4000.0,4000.0
2022-01-11,Morgan Stanley,4200.0,4000.0
2022-01-27,BMO Capital,3600.0,4100.0
2022-01-28,Credit Suisse,4000.0,4100.0
2022-01-28,Jefferies,4000.0,4000.0
2022-02-02,UBS,4550.0,4700.0
2022-02-04,JP Morgan,4500.0,4350.0
2022-02-04,Goldman Sachs,4200.0,4100.0
2022-02-04,UBS,4625.0,4550.0
2022-02-04,Raymond James,3950.0,3840.0
2022-02-04,Credit Suisse,4100.0,4000.0
2022-02-04,Wolfe Research,4200.0,4100.0
2022-02-04,BMO Capital,3600.0,3600.0
2022-02-04,RBC Capital,4000.0,4000.0
2022-02-04,Barclays,4400.0,3800.0
2022-02-04,Canaccord Genuity,4200.0,4400.0
2022-02-04,MKM Partners,4100.0,4000.0
2022-02-04,Piper Sandler,3900.0,3875.0
2022-02-18,Tigress Financial,4655.0,4460.0
2022-03-11,Deutsche Bank,4100.0,0.0
2022-03-30,Exane BNP Paribas,2800.0,0.0
2022-04-03,RBC Capital,4000.0,4000.0
2022-04-19,Rosenblatt,3000.0,0.0
2022-04-19,RBC Capital,3880.0,0.0
2022-04-20,MKM Partners,4000.0,4100.0
2022-04-20,UBS,4550.0,4625.0
2022-04-20,Cowen & Co.,4400.0,4500.0
2022-04-21,Bernstein,3900.0,4000.0
2022-04-28,Jefferies,4000.0,4000.0
2022-04-29,Telsey Advisory Group,3400.0,3850.0
2022-04-29,DA Davidson,3125.0,3900.0
2022-04-29,Barclays,4240.0,0.0
2022-04-29,MKM Partners,3625.0,4000.0
2022-04-29,Truist Securities,3500.0,4000.0
2022-04-29,Evercore ISI Group,4100.0,4300.0
2022-04-29,BMO Capital,3450.0,3650.0
2022-04-29,Cowen & Co.,4250.0,4400.0
2022-04-29,Stifel,3800.0,4400.0
2022-04-29,Wolfe Research,3700.0,4100.0
2022-04-29,Canaccord Genuity,3750.0,4200.0
2022-04-29,Morgan Stanley,3800.0,4200.0
2022-04-29,JP Morgan,4000.0,4500.0
2022-04-29,Baird,3750.0,4000.0
2022-04-29,Deutsche Bank,3500.0,4100.0
2022-04-29,RBC Capital,3500.0,3880.0
2022-04-29,UBS,4185.0,4550.0
2022-04-29,Credit Suisse,3700.0,4100.0
2022-04-29,JMP Securities,3600.0,4000.0
2022-04-29,Raymond James,3300.0,3950.0
2022-04-29,Piper Sandler,3400.0,3900.0
2022-04-29,Needham,3500.0,4150.0
2022-04-29,Rosenblatt,2900.0,0.0
2022-04-29,Susquehanna,3800.0,5000.0
2022-05-16,Jefferies,3700.0,0.0
2022-05-17,Wolfe Research,2900.0,3700.0
2022-05-27,Loop Capital,2825.0,3750.0
2022-05-31,Jefferies,3250.0,3700.0
2022-06-01,Morgan Stanley,3500.0,3800.0
2022-06-01,JMP Securities,3450.0,3600.0
2022-06-06,Morgan Stanley,175.0,3500.0
2022-06-06,MKM Partners,180.0,3625.0
2022-06-07,RBC Capital,175.0,0.0
2022-06-07,DA Davidson,156.25,3125.0
2022-06-08,BMO Capital,172.5,0.0
2022-06-10,Goldman Sachs,170.0,185.0
2022-06-12,Jefferies,163.0,0.0
2022-06-14,Rosenblatt,107.0,2900.0
2022-06-14,JP Morgan,200.0,0.0
2022-06-22,"Monness, Crespi, Hardt",185.0,0.0
2022-06-24,Evercore ISI Group,180.0,205.0
2022-06-28,UBS,167.0,209.0
2022-06-29,Wolfe Research,140.0,145.0
2022-06-29,Redburn Partners,270.0,0.0
2022-06-29,JP Morgan,175.0,200.0
2022-06-29,Tigress Financial,232.0,0.0
2022-06-30,Goldman Sachs,170.0,170.0
2022-07-12,Goldman Sachs,170.0,170.0
2022-07-13,Telsey Advisory Group,145.0,170.0
2022-07-14,Citigroup,180.0,205.0
2022-07-15,Barclays,195.0,4240.0
2022-07-15,Stifel,185.0,190.0
2022-07-20,Jefferies,150.0,163.0
2022-07-21,Evercore ISI Group,180.0,180.0
2022-07-21,Bernstein,160.0,0.0
2022-07-21,Mizuho,155.0,197.5
2022-07-21,Deutsche Bank,155.0,174.0
2022-07-25,Oppenheimer,160.0,175.0
2022-07-26,Credit Suisse,170.0,185.0
2022-07-29,Needham,175.0,0.0
2022-07-29,UBS,180.0,167.0
2022-07-29,Cowen & Co.,215.0,210.0
2022-07-29,Jefferies,165.0,150.0
2022-07-29,B of A Securities,170.0,168.0
2022-07-29,Deutsche Bank,175.0,155.0
2022-07-29,Goldman Sachs,175.0,0.0
2022-07-29,Canaccord Genuity,200.0,185.0
2022-07-29,Stifel,200.0,185.0
2022-07-29,Rosenblatt,118.0,107.0
2022-07-29,Piper Sandler,175.0,170.0
2022-07-29,Raymond James,164.0,165.0
2022-07-29,Wolfe Research,170.0,140.0
2022-07-29,Telsey Advisory Group,150.0,145.0
2022-07-29,Barclays,200.0,195.0
2022-07-29,JP Morgan,185.0,175.0
2022-07-29,JMP Securities,180.0,172.5
2022-07-29,Citigroup,185.0,180.0
2022-07-31,Evercore ISI Group,180.0,180.0
2022-09-12,DA Davidson,151.0,0.0
2022-09-28,Truist Securities,170.0,180.0
2022-10-03,B of A Securities,157.0,170.0
2022-10-04,Jefferies,165.0,165.0
2022-10-04,"Monness, Crespi, Hardt",172.0,0.0
2022-10-19,Bernstein,150.0,0.0
2022-10-20,Credit Suisse,159.0,170.0
2022-10-20,UBS,165.0,180.0
2022-10-21,JP Morgan,175.0,185.0
2022-10-24,"Monness, Crespi, Hardt",172.0,172.0
2022-10-27,Goldman Sachs,175.0,175.0
2022-10-27,Jefferies,165.0,165.0
2022-10-28,DA Davidson,114.0,151.0
2022-10-28,Morgan Stanley,140.0,175.0
2022-10-28,Wedbush,140.0,175.0
2022-10-28,Cowen & Co.,150.0,195.0
2022-10-28,Wells Fargo,155.0,200.0
2022-10-28,Wolfe Research,130.0,150.0
2022-10-28,Deutsche Bank,130.0,150.0
2022-10-28,RBC Capital,135.0,175.0
2022-10-28,Baird,130.0,150.0
2022-10-28,Citigroup,145.0,185.0
2022-10-28,Barclays,140.0,200.0
2022-10-28,Raymond James,130.0,164.0
2022-10-28,Truist Securities,160.0,170.0
2022-10-28,B of A Securities,137.0,157.0
2022-10-28,Credit Suisse,142.0,159.0
2022-10-28,JMP Securities,140.0,150.0
2022-10-28,JP Morgan,145.0,175.0
2022-10-28,Oppenheimer,130.0,165.0
2022-10-28,Piper Sandler,125.0,175.0
2022-10-28,Needham,120.0,175.0
2022-10-28,Telsey Advisory Group,140.0,150.0
2022-10-28,Mizuho,135.0,155.0
2022-10-28,Benchmark,125.0,160.0
2022-11-02,Tigress Financial,192.0,232.0
2022-11-14,Rosenblatt,103.0,118.0
2022-11-15,MoffettNathanson,118.0,0.0
2022-11-18,Goldman Sachs,165.0,0.0
2022-11-22,Piper Sandler,119.0,125.0
2022-12-01,Cowen & Co.,160.0,150.0
2022-12-05,Jefferies,135.0,0.0
2022-12-16,JP Morgan,130.0,145.0
2022-12-16,"Monness, Crespi, Hardt",136.0,0.0
2022-12-19,Evercore ISI Group,150.0,170.0
2022-12-22,Baird,120.0,130.0
2023-01-04,New Street Research,130.0,0.0
2023-01-04,UBS,125.0,165.0
2023-01-11,Cowen & Co.,140.0,160.0
2023-01-12,Bernstein,125.0,0.0
2023-01-12,UBS,125.0,125.0
2023-01-13,Goldman Sachs,145.0,165.0
2023-01-24,Telsey Advisory Group,125.0,140.0
2023-01-25,UBS,118.0,121.0
2023-01-26,"Monness, Crespi, Hardt",136.0,136.0
2023-01-26,Bernstein,120.0,125.0
2023-01-30,Barclays,130.0,140.0
2023-01-30,Credit Suisse,171.0,142.0
2023-02-02,Loop Capital,140.0,0.0
2023-02-03,Bernstein,125.0,0.0
2023-02-03,UBS,127.0,118.0
2023-02-03,JMP Securities,140.0,0.0
2023-02-03,Truist Securities,142.0,160.0
2023-02-03,Evercore ISI Group,160.0,150.0
2023-02-03,DA Davidson,134.0,114.0
2023-02-03,Wedbush,125.0,140.0
2023-02-03,Credit Suisse,150.0,171.0
2023-02-03,Susquehanna,150.0,140.0
2023-02-03,Morgan Stanley,150.0,140.0
2023-02-03,JP Morgan,142.0,130.0
2023-02-03,Benchmark,130.0,125.0
2023-02-03,Cowen & Co.,150.0,140.0
2023-02-03,Oppenheimer,135.0,130.0
2023-02-03,Baird,125.0,120.0
2023-02-03,Barclays,150.0,130.0
2023-02-03,Needham,120.0,0.0
2023-02-03,Piper Sandler,123.0,119.0
2023-02-03,Rosenblatt,106.0,103.0
2023-02-09,Tigress Financial,192.0,0.0
2023-02-14,Loop Capital,140.0,140.0
2023-03-10,Bernstein,125.0,125.0
2023-03-16,JMP Securities,140.0,0.0
2023-03-16,JP Morgan,135.0,142.0
2023-03-20,Needham,120.0,0.0
2023-03-29,Bernstein,125.0,125.0
2023-04-03,Evercore ISI Group,155.0,160.0
2023-04-04,Jefferies,135.0,135.0
2023-04-04,Piper Sandler,123.0,123.0
2023-04-05,Needham,120.0,0.0
2023-04-06,Oppenheimer,125.0,135.0
2023-04-11,Bernstein,125.0,125.0
2023-04-12,Needham,120.0,0.0
2023-04-12,Truist Securities,144.0,142.0
2023-04-19,JMP Securities,140.0,0.0
2023-04-20,Telsey Advisory Group,125.0,0.0
2023-04-21,Piper Sandler,123.0,123.0
2023-04-23,Evercore ISI Group,155.0,155.0
2023-04-24,"Monness, Crespi, Hardt",136.0,136.0
2023-04-24,Wedbush,125.0,125.0
2023-04-24,Loop Capital,140.0,140.0
2023-04-24,UBS,125.0,127.0
2023-04-24,MoffettNathanson,116.0,119.0
2023-04-25,Piper Sandler,123.0,123.0
2023-04-25,Credit Suisse,140.0,150.0
2023-04-28,"Monness, Crespi, Hardt",136.0,136.0
2023-04-28,Mizuho,145.0,135.0
2023-04-28,Wedbush,129.0,125.0
2023-04-28,Roth MKM,130.0,125.0
2023-04-28,UBS,130.0,0.0
2023-04-28,JMP Securities,140.0,0.0
2023-04-28,Loop Capital,140.0,140.0
2023-04-28,Credit Suisse,142.0,140.0
2023-04-28,Barclays,140.0,150.0
2023-04-28,Rosenblatt,111.0,106.0
2023-04-28,Baird,130.0,125.0
2023-04-28,Needham,120.0,0.0
2023-04-28,Wolfe Research,140.0,130.0
2023-04-28,JP Morgan,145.0,135.0
2023-04-28,Telsey Advisory Group,125.0,0.0
2023-04-28,B of A Securities,139.0,135.0
2023-04-28,Goldman Sachs,165.0,145.0
2023-05-01,New Street Research,123.0,127.0
2023-05-01,Barclays,140.0,150.0
2023-05-05,Needham,120.0,0.0
2023-05-18,Jefferies,135.0,135.0
2023-05-24,Mizuho,160.0,145.0
2023-05-31,Bernstein,140.0,125.0
2023-06-07,Piper Sandler,150.0,130.0
2023-06-08,UBS,150.0,130.0
2023-06-08,Wells Fargo,159.0,0.0
2023-06-12,B of A Securities,154.0,139.0
2023-06-20,JP Morgan,145.0,0.0
2023-06-22,Morgan Stanley,150.0,0.0
2023-06-22,JP Morgan,145.0,0.0
2023-06-26,Roth MKM,155.0,130.0
2023-06-28,Needham,150.0,120.0
2023-07-03,DBS Bank,150.0,0.0
2023-07-03,"Monness, Crespi, Hardt",136.0,136.0
2023-07-10,Wolfe Research,150.0,140.0
2023-07-11,JMP Securities,140.0,0.0
2023-07-11,Evercore ISI Group,150.0,0.0
2023-07-12,Telsey Advisory Group,145.0,125.0
2023-07-12,Loop Capital,180.0,0.0
2023-07-13,Jefferies,150.0,0.0
2023-07-13,Tigress Financial,204.0,192.0
2023-07-14,Baird,150.0,130.0
2023-07-17,Goldman Sachs,165.0,165.0
2023-07-18,JMP Securities,140.0,0.0
2023-07-31,Credit Suisse,176.0,142.0
2023-07-31,Wedbush,146.0,0.0
2023-07-31,Evercore ISI Group,150.0,150.0
2023-08-04,Telsey Advisory Group,160.0,145.0
2023-08-04,JP Morgan,180.0,145.0
2023-08-04,Rosenblatt,184.0,111.0
2023-08-04,JMP Securities,175.0,140.0
2023-08-04,Evercore ISI Group,190.0,150.0
2023-08-04,Morgan Stanley,175.0,150.0
2023-08-04,Needham,160.0,150.0
2023-08-04,B of A Securities,174.0,154.0
2023-08-04,Mizuho,180.0,160.0
2023-08-04,"Monness, Crespi, Hardt",170.0,0.0
2023-08-04,Jefferies,175.0,0.0
2023-08-04,Exane BNP Paribas,140.0,0.0
2023-08-04,Canaccord Genuity,170.0,160.0
2023-08-04,Susquehanna,185.0,150.0
2023-08-04,Truist Securities,176.0,144.0
2023-08-04,TD Cowen,165.0,150.0
2023-08-04,Baird,155.0,150.0
2023-08-04,Citigroup,167.0,145.0
2023-08-04,Wedbush,170.0,146.0
2023-08-04,Benchmark,170.0,130.0
2023-08-04,Credit Suisse,189.0,176.0
2023-08-04,Deutsche Bank,175.0,150.0
2023-08-04,UBS,175.0,150.0
2023-08-04,Goldman Sachs,180.0,0.0
2023-08-04,Wolfe Research,180.0,0.0
2023-08-04,Wells Fargo,165.0,159.0
2023-08-07,Barclays,180.0,140.0
2023-08-07,DA Davidson,150.0,0.0
2023-08-11,Redburn Partners,230.0,220.0
2023-08-11,DA Davidson,150.0,150.0
2023-08-23,Loop Capital,200.0,180.0
2023-09-06,DA Davidson,150.0,150.0
2023-09-15,Wedbush,180.0,0.0
2023-09-20,Morgan Stanley,175.0,0.0
2023-09-21,Wells Fargo,165.0,165.0
2023-09-22,Telsey Advisory Group,160.0,0.0
2023-09-25,Wedbush,180.0,0.0
2023-09-25,Telsey Advisory Group,160.0,160.0
2023-09-26,B of A Securities,174.0,174.0
2023-09-27,Telsey Advisory Group,160.0,0.0
2023-09-27,Wedbush,180.0,0.0
2023-09-27,Mizuho,180.0,180.0
2023-09-27,Argus Research,165.0,165.0
2023-09-28,Needham,160.0,0.0
2023-09-28,Wedbush,180.0,0.0
2023-10-02,Morgan Stanley,175.0,175.0
2023-10-10,Wells Fargo,165.0,165.0
2023-10-11,Telsey Advisory Group,160.0,0.0
2023-10-16,JMP Securities,175.0,0.0
2023-10-17,UBS,178.0,180.0
2023-10-17,Stifel,173.0,0.0
2023-10-17,Deutsche Bank,175.0,175.0
2023-10-17,Truist Securities,174.0,176.0
2023-10-18,Wedbush,180.0,0.0
2023-10-19,Oppenheimer,170.0,0.0
2023-10-24,Seaport Global,145.0,0.0
2023-10-27,Telsey Advisory Group,165.0,160.0
2023-10-27,Needham,160.0,0.0
2023-10-27,Rosenblatt,185.0,184.0
2023-10-27,Barclays,190.0,180.0
2023-10-27,DA Davidson,157.0,150.0
2023-11-02,HSBC,160.0,0.0
2023-11-10,Tigress Financial,210.0,204.0
2023-11-29,JMP Securities,175.0,0.0
2023-11-29,Truist Securities,176.0,0.0
2023-12-01,Oppenheimer,200.0,170.0
2023-12-01,Wedbush,180.0,0.0
2023-12-21,Wedbush,210.0,180.0
2024-01-09,BMO Capital,200.0,0.0
2024-01-09,Stifel,175.0,173.0
2024-01-19,Wedbush,210.0,0.0
2024-01-22,Benchmark,175.0,170.0
2024-01-24,Telsey Advisory Group,185.0,165.0
2024-02-02,Wells Fargo,211.0,197.0
2024-02-02,Evercore ISI Group,220.0,195.0
2024-02-02,DA Davidson,200.0,195.0
2024-02-02,Truist Securities,195.0,180.0
2024-02-02,UBS,198.0,180.0
2024-02-02,Oppenheimer,210.0,200.0
2024-02-02,Roth MKM,205.0,180.0
2024-02-02,Wedbush,220.0,210.0
2024-02-02,RBC Capital,215.0,180.0
2024-02-02,JMP Securities,225.0,175.0
2024-02-02,Needham,205.0,175.0
2024-02-02,JP Morgan,225.0,190.0
2024-02-02,Telsey Advisory Group,200.0,185.0
2024-02-02,Susquehanna,220.0,185.0
2024-02-02,Barclays,220.0,190.0
2024-02-02,Raymond James,200.0,185.0
2024-03-22,Truist Securities,195.0,0.0
2024-03-27,Telsey Advisory Group,200.0,200.0
2024-04-01,Wells Fargo,217.0,211.0
2024-04-10,DA Davidson,235.0,200.0
2024-04-10,Wedbush,220.0,220.0
2024-04-11,MoffettNathanson,228.0,0.0
2024-04-16,Stifel,224.0,200.0
2024-04-16,Roth MKM,205.0,205.0
2024-04-17,Truist Securities,216.0,195.0
2024-04-17,Maxim Group,218.0,0.0
2024-04-18,Needham,205.0,205.0
2024-04-18,DA Davidson,235.0,235.0
2024-04-23,BMO Capital,215.0,205.0
2024-04-24,JMP Securities,225.0,225.0
2024-04-24,Citigroup,235.0,215.0
2024-04-24,Wedbush,225.0,220.0
2024-04-24,Benchmark,200.0,200.0
2024-04-25,Telsey Advisory Group,200.0,200.0
2024-04-25,UBS,215.0,198.0
2024-05-01,Barclays,230.0,220.0
2024-05-01,BMO Capital,220.0,215.0
2024-05-01,Roth MKM,210.0,205.0
2024-05-01,JMP Securities,225.0,225.0
2024-05-01,Wells Fargo,234.0,217.0
2024-05-01,Benchmark,200.0,0.0
2024-05-01,JP Morgan,240.0,225.0
2024-05-01,Wedbush,225.0,225.0
2024-05-01,UBS,217.0,215.0
2024-05-01,Citigroup,245.0,235.0
2024-05-01,Stifel,228.0,224.0
2024-05-01,Evercore ISI Group,225.0,220.0
2024-05-01,Rosenblatt,220.0,220.0
2024-05-01,Truist Securities,220.0,216.0
2024-05-01,Raymond James,205.0,200.0
2024-05-01,Needham,205.0,205.0
2024-05-01,Piper Sandler,220.0,205.0
2024-05-01,Goldman Sachs,225.0,220.0
2024-05-01,Telsey Advisory Group,215.0,200.0
2024-05-01,Morgan Stanley,220.0,215.0
2024-05-01,Oppenheimer,220.0,210.0
2024-05-01,Baird,210.0,205.0
2024-05-01,Mizuho,240.0,230.0
2024-05-02,Argus Research,205.0,185.0
2024-05-06,Loop Capital,225.0,215.0
2024-05-15,Needham,205.0,205.0
2024-05-30,Tigress Financial,245.0,210.0
2024-06-21,Baird,213.0,210.0
2024-06-26,B of A Securities,220.0,210.0
2024-06-28,Wells Fargo,239.0,234.0
2024-07-01,Needham,205.0,205.0
2024-07-09,Needham,205.0,205.0
2024-07-09,Roth MKM,210.0,210.0
2024-07-10,TD Cowen,245.0,225.0
2024-07-16,Wolfe Research,250.0,0.0
2024-07-16,Benchmark,200.0,200.0
2024-07-16,Barclays,220.0,230.0
2024-07-17,Needham,210.0,205.0
2024-07-22,Truist Securities,230.0,220.0
2024-07-22,Bernstein,215.0,210.0
2024-07-23,JMP Securities,225.0,225.0
2024-07-23,Morgan Stanley,240.0,220.0
2024-07-25,BMO Capital,230.0,220.0
2024-07-26,Wedbush,225.0,225.0
2024-07-30,UBS,224.0,217.0
2024-07-31,JMP Securities,225.0,225.0
2024-08-02,Rosenblatt,221.0,220.0
2024-08-02,RBC Capital,215.0,215.0
2024-08-02,B of A Securities,210.0,220.0
2024-08-02,JMP Securities,245.0,225.0
2024-08-02,Maxim Group,251.0,238.0
2024-08-02,Roth MKM,215.0,210.0
2024-08-02,Piper Sandler,215.0,220.0
2024-08-02,Barclays,235.0,220.0
2024-08-02,Wedbush,225.0,225.0
2024-08-02,Jefferies,225.0,235.0
2024-08-02,Stifel,224.0,228.0
2024-08-02,Goldman Sachs,230.0,250.0
2024-08-02,Benchmark,200.0,200.0
2024-08-02,JP Morgan,230.0,240.0
2024-08-06,Morgan Stanley,210.0,240.0
2024-08-26,Wells Fargo,225.0,232.0
2024-09-03,JMP Securities,265.0,245.0
2024-09-05,Cantor Fitzgerald,230.0,0.0
2024-09-05,Cantor Fitzgerald,230.0,0.0
2024-09-12,Needham,210.0,210.0
2024-09-19,BMO Capital,230.0,230.0
2024-09-20,Evercore ISI Group,240.0,225.0
2024-09-23,Cantor Fitzgerald,230.0,230.0
2024-09-30,Truist Securities,265.0,230.0
2024-09-30,Cantor Fitzgerald,230.0,230.0
2024-10-03,Morgan Stanley,210.0,210.0
2024-10-04,JMP Securities,265.0,265.0
2024-10-07,Wells Fargo,183.0,225.0
2024-10-09,Cantor Fitzgerald,210.0,230.0
2024-10-10,Telsey Advisory Group,215.0,215.0
2024-10-10,DA Davidson,235.0,235.0
2024-10-11,Pivotal Research,260.0,0.0
2024-10-11,Scotiabank,245.0,0.0
2024-10-11,Evercore ISI Group,240.0,240.0
2024-10-15,JMP Securities,265.0,265.0
2024-10-24,Needham,210.0,210.0
2024-10-28,UBS,223.0,220.0
2024-11-01,Wedbush,250.0,225.0
2024-11-01,Bernstein,235.0,225.0
2024-11-01,UBS,230.0,223.0
2024-11-01,Maxim Group,260.0,251.0
2024-11-01,Deutsche Bank,232.0,225.0
2024-11-01,RBC Capital,225.0,215.0
2024-11-01,BMO Capital,236.0,230.0
2024-11-01,Susquehanna,230.0,220.0
2024-11-01,Scotiabank,246.0,245.0
2024-11-01,Truist Securities,270.0,265.0
2024-11-01,Benchmark,215.0,200.0
2024-11-01,Oppenheimer,230.0,220.0
2024-11-01,Jefferies,235.0,225.0
2024-11-01,Baird,220.0,213.0
2024-11-01,Goldman Sachs,240.0,230.0
2024-11-01,B of A Securities,230.0,210.0
2024-11-01,Evercore ISI Group,260.0,240.0
2024-11-01,Needham,210.0,210.0
2024-11-01,Rosenblatt,236.0,221.0
2024-11-01,JP Morgan,250.0,230.0
2024-11-01,Piper Sandler,225.0,215.0
2024-11-01,TD Cowen,240.0,230.0
2024-11-01,JMP Securities,285.0,265.0
2024-11-01,Stifel,245.0,224.0
2024-11-01,Telsey Advisory Group,235.0,215.0
2024-11-04,Morgan Stanley,230.0,210.0
2024-11-06,Needham,210.0,210.0
2024-11-06,Loop Capital,275.0,225.0
2024-11-14,Needham,250.0,210.0
2024-11-20,Wells Fargo,197.0,0.0
2024-11-26,MoffettNathanson,248.0,235.0
2024-11-26,Redburn Atlantic,235.0,225.0
2024-12-03,BMO Capital,236.0,236.0
2024-12-04,Needham,250.0,250.0
2024-12-09,Roth MKM,250.0,220.0
2024-12-10,Needham,250.0,250.0
2024-12-10,Mizuho,260.0,240.0
2024-12-12,TD Cowen,265.0,240.0
2024-12-13,Baird,260.0,220.0
2024-12-16,UBS,264.0,230.0
2024-12-16,Jefferies,275.0,235.0
2024-12-16,JMP Securities,285.0,285.0
2024-12-18,Bernstein,265.0,235.0
2024-12-18,JP Morgan,280.0,250.0
2024-12-20,Tigress Financial,290.0,245.0
2025-01-03,Wolfe Research,270.0,250.0
2025-01-06,Wedbush,260.0,250.0
2025-01-07,Cantor Fitzgerald,270.0,240.0
2025-01-10,JMP Securities,285.0,285.0
2025-01-13,Morgan Stanley,280.0,230.0
2025-01-13,HSBC,270.0,225.0
2025-01-14,Wells Fargo,212.0,197.0
2025-01-17,BMO Capital,265.0,236.0
2025-01-21,Needham,250.0,250.0
2025-01-21,Raymond James,260.0,230.0
2025-01-22,Cantor Fitzgerald,270.0,270.0
2025-01-24,Scotiabank,306.0,246.0
2025-01-27,Wedbush,280.0,260.0
2025-01-30,UBS,275.0,264.0
2025-01-30,JMP Securities,285.0,285.0
2025-01-31,Telsey Advisory Group,275.0,275.0
2025-02-04,Benchmark,265.0,215.0
2025-02-07,Citigroup,273.0,275.0
2025-02-07,Maxim Group,280.0,260.0
2025-02-07,JMP Securities,285.0,285.0
2025-02-07,Barclays,265.0,235.0
2025-02-07,DA Davidson,280.0,235.0
2025-02-07,RBC Capital,265.0,255.0
2025-02-07,Wedbush,280.0,280.0
2025-02-07,Canaccord Genuity,280.0,265.0
2025-02-07,Cantor Fitzgerald,270.0,270.0
2025-02-07,Oppenheimer,260.0,230.0
2025-02-07,Benchmark,270.0,265.0
2025-02-07,Stifel,275.0,245.0
2025-02-07,BMO Capital,280.0,265.0
2025-02-07,Piper Sandler,265.0,225.0
2025-02-07,B of A Securities,257.0,255.0
2025-02-07,UBS,272.0,275.0
2025-02-07,Deutsche Bank,287.0,275.0
2025-02-07,Goldman Sachs,255.0,240.0
2025-02-07,JP Morgan,270.0,280.0
2025-02-07,Wells Fargo,207.0,212.0
2025-02-07,Needham,250.0,250.0
2025-02-07,Truist Securities,265.0,270.0
2025-02-07,Telsey Advisory Group,275.0,275.0
2025-02-07,Raymond James,275.0,260.0
2025-02-07,Rosenblatt,287.0,236.0
2025-02-10,Bernstein,275.0,265.0
2025-02-12,Loop Capital,285.0,275.0
2025-02-25,Wells Fargo,203.0,207.0
2025-03-20,Citizens Capital Markets,285.0,285.0
2025-03-31,Jefferies,250.0,275.0
2025-04-01,WestPark Capital,280.0,0.0
2025-04-08,JP Morgan,220.0,270.0
2025-04-09,B of A Securities,225.0,257.0
2025-04-09,Mizuho,255.0,285.0
2025-04-10,Piper Sandler,215.0,265.0
2025-04-10,Truist Securities,230.0,265.0
2025-04-14,JMP Securities,240.0,285.0
2025-04-14,Morgan Stanley,245.0,280.0
2025-04-14,Deutsche Bank,206.0,287.0
2025-04-14,DA Davidson,230.0,280.0
2025-04-14,Citigroup,225.0,273.0
2025-04-15,Wedbush,225.0,280.0
2025-04-16,BMO Capital,235.0,280.0
2025-04-16,Cantor Fitzgerald,230.0,270.0
2025-04-21,Raymond James,195.0,275.0
2025-04-21,Scotiabank,250.0,306.0
2025-04-22,Goldman Sachs,220.0,255.0
2025-04-23,Telsey Advisory Group,235.0,275.0
2025-04-23,Stifel,248.0,275.0
2025-04-28,Oppenheimer,220.0,260.0
2025-04-29,UBS,253.0,272.0
2025-04-29,Bernstein,235.0,275.0
2025-05-01,JMP Securities,240.0,240.0
2025-05-01,Benchmark,260.0,270.0
2025-05-02,Cantor Fitzgerald,240.0,230.0
2025-05-02,UBS,249.0,253.0
2025-05-02,Bernstein,230.0,235.0
2025-05-02,Wedbush,235.0,225.0
2025-05-02,Piper Sandler,212.0,215.0
2025-05-02,Benchmark,260.0,260.0
2025-05-02,JMP Securities,250.0,240.0
2025-05-02,Barclays,240.0,265.0
2025-05-02,Evercore ISI Group,260.0,270.0
2025-05-02,RBC Capital,230.0,235.0
2025-05-02,Stifel,245.0,248.0
2025-05-02,Susquehanna,225.0,275.0
2025-05-02,WestPark Capital,280.0,280.0
2025-05-02,Rosenblatt,288.0,287.0
2025-05-02,JP Morgan,225.0,220.0
2025-05-02,Needham,220.0,220.0
2025-05-02,Telsey Advisory Group,235.0,235.0
2025-05-02,Truist Securities,226.0,230.0
2025-05-02,BMO Capital,233.0,235.0
2025-05-02,Oppenheimer,215.0,220.0
2025-05-02,B of A Securities,230.0,225.0
2025-05-05,Baird,220.0,215.0
2025-05-06,Tigress Financial,305.0,290.0
2025-06-02,B of A Securities,248.0,230.0
2025-06-04,JP Morgan,240.0,225.0
2025-06-20,Oppenheimer,250.0,215.0
2025-07-02,Truist Securities,250.0,226.0
2025-07-08,Wells Fargo,238.0,201.0
2025-07-08,Roth Capital,250.0,215.0
2025-07-10,Telsey Advisory Group,235.0,235.0
2025-07-10,JMP Securities,285.0,250.0
2025-07-10,Morgan Stanley,300.0,250.0
2025-07-11,JP Morgan,255.0,240.0
2025-07-11,Piper Sandler,250.0,212.0
2025-07-16,Cantor Fitzgerald,260.0,240.0
2025-07-21,Baird,244.0,220.0
2025-07-22,Needham,265.0,220.0
2025-07-22,BMO Capital,270.0,233.0
2025-07-22,Citigroup,265.0,225.0
2025-07-22,Scotiabank,275.0,250.0
2025-07-23,B of A Securities,265.0,248.0
2025-07-28,UBS,271.0,249.0
2025-07-29,Stifel,262.0,245.0
2025-07-29,Wells Fargo,245.0,238.0
2025-07-30,Wedbush,250.0,235.0
2025-08-01,Benchmark,260.0,260.0
2025-08-01,DA Davidson,265.0,230.0
2025-08-01,Citigroup,270.0,265.0
2025-08-01,Oppenheimer,245.0,250.0
2025-08-01,BMO Capital,280.0,270.0
2025-08-01,Needham,265.0,265.0
2025-08-01,RBC Capital,240.0,230.0
2025-08-01,Stifel,260.0,262.0
2025-08-01,Cantor Fitzgerald,280.0,260.0
2025-08-01,Wedbush,250.0,250.0
2025-08-01,JP Morgan,265.0,255.0
2025-08-01,Susquehanna,260.0,225.0
2025-08-01,JMP Securities,285.0,285.0
2025-08-01,Goldman Sachs,240.0,220.0
2025-08-01,B of A Securities,272.0,265.0
2025-08-01,Telsey Advisory Group,265.0,235.0
2025-08-01,WestPark Capital,280.0,280.0
2025-08-01,Piper Sandler,255.0,250.0
2025-08-01,Rosenblatt,297.0,288.0
2025-08-01,Canaccord Genuity,280.0,280.0
2025-08-01,Barclays,275.0,240.0
2025-08-04,HSBC,256.0,0.0
2025-08-13,Telsey Advisory Group,265.0,265.0
2025-08-13,Evercore ISI Group,280.0,0.0
2025-08-14,Morgan Stanley,300.0,300.0
2025-09-16,Truist Securities,270.0,250.0
2025-09-19,Wedbush,250.0,250.0
2025-09-24,Wells Fargo,280.0,245.0
2025-09-24,Telsey Advisory Group,265.0,265.0
2025-09-30,Mizuho,300.0,0.0
2025-10-03,Goldman Sachs,275.0,240.0
2025-10-22,Benchmark,260.0,260.0
2025-10-24,Wedbush,280.0,250.0
2025-10-24,Stifel,269.0,260.0
2025-10-28,UBS,279.0,271.0
2025-10-31,Wells Fargo,292.0,280.0
2025-10-31,Canaccord Genuity,300.0,280.0
2025-10-31,Citigroup,320.0,270.0
2025-10-31,JP Morgan,305.0,265.0
2025-10-31,TD Cowen,300.0,255.0
2025-10-31,Piper Sandler,300.0,255.0
2025-10-31,UBS,310.0,279.0
2025-10-31,Barclays,300.0,275.0
2025-10-31,RBC Capital,300.0,240.0
2025-10-31,Bernstein,300.0,250.0
2025-10-31,Cantor Fitzgerald,315.0,280.0
2025-10-31,Benchmark,295.0,260.0
2025-10-31,B of A Securities,303.0,272.0
2025-10-31,Telsey Advisory Group,300.0,265.0
2025-10-31,Stifel,295.0,269.0
2025-10-31,Citizens,300.0,285.0
2025-10-31,Evercore ISI Group,335.0,280.0
2025-10-31,Keybanc,303.0,300.0
2025-10-31,DA Davidson,300.0,265.0
2025-10-31,Rosenblatt,305.0,297.0
2025-11-04,Mizuho,315.0,300.0
2025-11-04,Rosenblatt,305.0,305.0
2025-11-18,Rothschild & Co,250.0,250.0
2025-11-25,Rosenblatt,305.0,305.0
2025-12-01,Oppenheimer,305.0,290.0
2025-12-02,Wells Fargo,295.0,292.0
2025-12-03,Wedbush,340.0,340.0
2025-12-03,B of A Securities,303.0,272.0
2025-12-03,Citizens,300.0,300.0
2025-12-04,Rosenblatt,305.0,305.0
2025-12-10,Guggenheim,300.0,0.0
2025-12-11,TD Cowen,300.0,300.0
2025-12-16,BMO Capital,304.0,300.0
2026-01-05,Jefferies,300.0,275.0
2026-01-08,Cantor Fitzgerald,260.0,315.0
2026-01-12,Wells Fargo,301.0,295.0
2026-01-13,TD Cowen,315.0,300.0
2026-01-26,Roth Capital,295.0,270.0
2026-01-27,Stifel,300.0,295.0
2026-01-27,B of A Securities,286.0,303.0
2026-01-28,Oppenheimer,315.0,305.0
2026-01-28,Keybanc,308.0,303.0
2026-01-29,Wedbush,340.0,340.0
2026-01-30,Telsey Advisory Group,300.0,300.0
2026-02-02,Citizens,315.0,300.0
2026-02-03,UBS,311.0,310.0
2026-02-06,Wells Fargo,305.0,301.0
2026-02-06,RBC Capital,300.0,300.0
2026-02-06,Oppenheimer,260.0,325.0
2026-02-06,Argus Research,325.0,325.0
2026-02-06,Citizens,315.0,315.0
2026-02-06,Cantor Fitzgerald,250.0,260.0
2026-02-06,Guggenheim,300.0,300.0
2026-02-06,Scotiabank,275.0,300.0
2026-02-06,Piper Sandler,260.0,300.0
2026-02-06,Wedbush,300.0,340.0
2026-02-06,Needham,265.0,265.0
2026-02-06,Morgan Stanley,300.0,315.0
2026-02-06,Evercore ISI Group,285.0,335.0
2026-02-06,DA Davidson,175.0,300.0
2026-02-06,BMO Capital,310.0,304.0
2026-02-06,Rosenblatt,296.0,305.0
2026-02-06,Telsey Advisory Group,300.0,300.0
2026-02-06,Truist Securities,280.0,290.0
2026-02-09,Citigroup,265.0,320.0
2026-02-23,Wells Fargo,304.0,305.0
2026-03-17,Needham,265.0,265.0
2026-03-23,TD Cowen,300.0,300.0
2026-03-25,Tigress Financial,315.0,305.0
2026-03-25,Citigroup,285.0,265.0
2026-03-25,JP Morgan,280.0,265.0
2026-04-02,Wells Fargo,305.0,304.0
2026-04-08,Cantor Fitzgerald,260.0,250.0
2026-04-10,Citizens,315.0,315.0
2026-04-13,Stifel,294.0,300.0
2026-04-15,Rosenblatt,296.0,296.0
2026-04-15,Citizens,315.0,315.0
2026-04-16,TD Cowen,300.0,300.0
2026-04-17,Truist Securities,285.0,280.0
2026-04-20,B of A Securities,298.0,275.0
2026-04-20,Keybanc,325.0,285.0
2026-04-21,Cantor Fitzgerald,280.0,260.0
2026-04-23,BMO Capital,315.0,310.0
2026-04-23,UBS,304.0,301.0
2026-04-24,Oppenheimer,275.0,260.0
2026-04-28,Mizuho,325.0,315.0
2026-04-30,Scotiabank,325.0,275.0
2026-04-30,Telsey Advisory Group,315.0,300.0
2026-04-30,Canaccord Genuity,330.0,300.0
2026-04-30,JP Morgan,330.0,280.0
2026-04-30,TD Cowen,350.0,300.0
2026-04-30,Bernstein,315.0,300.0
2026-04-30,Needham,300.0,265.0
2026-04-30,Morgan Stanley,330.0,300.0
2026-04-30,Susquehanna,325.0,300.0
2026-04-30,RBC Capital,320.0,300.0
2026-04-30,Citigroup,325.0,285.0
2026-04-30,Guggenheim,320.0,300.0
2026-04-30,Piper Sandler,315.0,260.0
2026-04-30,Rosenblatt,332.0,296.0
2026-04-30,Keybanc,330.0,325.0
2026-04-30,Cantor Fitzgerald,330.0,280.0
2026-04-30,Truist Securities,310.0,285.0
2026-04-30,Wells Fargo,313.0,307.0
2026-04-30,Evercore ISI Group,315.0,285.0
2026-04-30,Barclays,330.0,300.0
2026-04-30,Benchmark,370.0,275.0
2026-05-01,Stifel,319.0,294.0
2026-05-12,TD Cowen,350.0,350.0
2026-05-20,Wells Fargo,312.0,313.0
2026-05-29,Truist Securities,320.0,310.0
2026-07-02,Wells Fargo,313.0,312.0
2026-07-08,TD Cowen,340.0,350.0
2026-07-15,Citizens,315.0,315.0
2026-07-16,Keybanc,335.0,330.0
