Date,ConsensusTarget,StockPrice,ForwardDate,StockPrice12mForward
2021-05-03,385.0,319.7718811035156,2022-05-03,210.18426513671875
2021-05-04,385.0,315.5885925292969,2022-05-04,221.46519470214844
2021-05-05,385.0,312.2776794433594,2022-05-05,206.4669189453125
2021-05-06,385.0,317.2342224121094,2022-05-06,201.9961700439453
2021-05-07,385.0,316.3023376464844,2022-05-09,194.50196838378906
2021-05-10,385.0,303.3064880371094,2022-05-10,195.92942810058594
2021-05-11,385.0,303.8616027832031,2022-05-11,187.09701538085938
2021-05-12,385.0,299.9162902832031,2022-05-12,189.57522583007812
2021-05-13,385.0,302.6026916503906,2022-05-13,196.8909912109375
2021-05-14,385.0,313.1896667480469,2022-05-16,198.29861450195312
2021-05-17,385.0,312.7138366699219,2022-05-17,200.85617065429688
2021-05-18,385.0,307.26171875,2022-05-18,190.5665283203125
2021-05-19,385.0,310.86016845703125,2022-05-19,189.62478637695312
2021-05-20,385.0,315.83648681640625,2022-05-20,191.85519409179688
2021-05-21,385.0,313.4771728515625,2022-05-23,194.52178955078125
2021-05-24,385.0,321.8040771484375,2022-05-24,179.70193481445312
2021-05-25,385.0,324.9366149902344,2022-05-25,182.22975158691406
2021-05-26,385.0,324.8076477050781,2022-05-26,189.96185302734375
2021-05-27,385.0,329.8533630371094,2022-05-27,193.431396484375
2021-05-28,385.0,325.8683776855469,2022-05-31,191.95436096191406
2021-06-01,385.0,326.264892578125,2022-06-01,186.99789428710938
2021-06-02,385.0,326.2846984863281,2022-06-02,197.12892150878906
2021-06-03,385.0,323.2017517089844,2022-06-03,189.1192169189453
2021-06-04,385.0,327.4742736816406,2022-06-06,192.5590362548828
2021-06-07,385.0,333.6500244140625,2022-06-07,193.94683837890625
2021-06-08,385.0,330.7752685546875,2022-06-08,194.92823791503906
2021-06-09,385.0,327.3751220703125,2022-06-09,182.3982696533203
2021-06-10,385.0,329.56591796875,2022-06-10,174.04164123535156
2021-06-11,385.0,328.3763732910156,2022-06-13,162.83004760742188
2021-06-14,385.0,333.8383483886719,2022-06-14,162.30470275878906
2021-06-15,385.0,333.818603515625,2022-06-15,167.8758087158203
2021-06-16,385.0,328.1978454589844,2022-06-16,159.46961975097656
2021-06-17,385.0,333.5806579589844,2022-06-17,162.3146209716797
2021-06-18,385.0,326.7902526855469,2022-06-21,155.68287658691406
2021-06-21,385.0,329.3974304199219,2022-06-21,155.68287658691406
2021-06-22,385.0,336.0787048339844,2022-06-22,154.4933319091797
2021-06-23,385.0,337.6250915527344,2022-06-23,157.3680419921875
2021-06-24,385.0,340.19256591796875,2022-06-24,168.67874145507812
2021-06-25,385.0,338.3983459472656,2022-06-27,168.0145721435547
2021-06-28,385.0,352.5440673828125,2022-06-28,159.28125
2021-06-29,385.0,348.8267517089844,2022-06-29,162.5128936767578
2021-06-30,385.0,344.6831359863281,2022-06-30,159.84629821777344
2021-07-01,385.0,351.30499267578125,2022-07-01,158.6369171142578
2021-07-02,385.0,351.6123046875,2022-07-05,166.7258758544922
2021-07-06,385.0,349.7089538574219,2022-07-06,168.29217529296875
2021-07-07,385.0,347.43890380859375,2022-07-07,170.69107055664062
2021-07-08,385.0,342.6410217285156,2022-07-08,169.39248657226562
2021-07-09,385.0,347.3695373535156,2022-07-11,161.46212768554688
2021-07-12,385.0,350.0857238769531,2022-07-12,161.84872436523438
2021-07-13,385.0,349.0250549316406,2022-07-13,162.06680297851562
2021-07-14,385.0,344.6038818359375,2022-07-14,156.67416381835938
2021-07-15,385.0,341.46142578125,2022-07-15,163.26626586914062
2021-07-16,385.0,338.19012451171875,2022-07-18,165.77426147460938
2021-07-19,385.0,334.01678466796875,2022-07-19,174.2498321533203
2021-07-20,385.0,338.685791015625,2022-07-20,181.49618530273438
2021-07-21,385.0,343.21600341796875,2022-07-21,181.5754852294922
2021-07-22,385.0,348.13287353515625,2022-07-22,167.7965087890625
2021-07-23,385.0,366.57098388671875,2022-07-25,165.1992645263672
2021-07-26,385.0,369.2176513671875,2022-07-26,157.76455688476562
2021-07-27,385.0,364.608154296875,2022-07-27,168.10379028320312
2021-07-28,385.0,370.03057861328125,2022-07-28,159.32090759277344
2021-07-29,385.0,355.20074462890625,2022-07-29,157.7150421142578
2021-07-30,385.0,353.1983947753906,2022-08-01,158.53778076171875
2021-08-02,385.0,348.8862609863281,2022-08-02,158.7955322265625
2021-08-03,385.0,348.182373046875,2022-08-03,167.33056640625
2021-08-04,385.0,355.79559326171875,2022-08-04,169.08517456054688
2021-08-05,385.0,359.8102722167969,2022-08-05,165.65528869628906
2021-08-06,385.0,360.3455810546875,2022-08-08,168.76795959472656
2021-08-09,385.0,358.4621276855469,2022-08-09,167.0629425048828
2021-08-10,385.0,357.986328125,2022-08-10,176.78749084472656
2021-08-11,385.0,356.8265075683594,2022-08-11,175.94493103027344
2021-08-12,385.0,359.4930725097656,2022-08-12,178.92869567871094
2021-08-13,385.0,360.0184631347656,2022-08-15,179.31533813476562
2021-08-16,385.0,363.36907958984375,2022-08-16,177.90769958496094
2021-08-17,385.0,355.3296813964844,2022-08-17,173.32791137695312
2021-08-18,385.0,352.3557434082031,2022-08-18,173.13954162597656
2021-08-19,385.0,352.02862548828125,2022-08-19,166.4978790283203
2021-08-20,385.0,356.24163818359375,2022-08-22,161.63063049316406
2021-08-23,385.0,360.18701171875,2022-08-23,159.70750427246094
2021-08-24,385.0,362.32818603515625,2022-08-24,161.83880615234375
2021-08-25,385.0,365.1831359863281,2022-08-25,167.3107147216797
2021-08-26,385.0,361.20806884765625,2022-08-26,160.37168884277344
2021-08-27,385.0,369.38623046875,2022-08-29,157.784423828125
2021-08-30,385.0,377.34625244140625,2022-08-30,155.7919158935547
2021-08-31,385.0,376.0774841308594,2022-08-31,161.51168823242188
2021-09-01,385.0,378.7242431640625,2022-09-01,163.92051696777344
2021-09-02,385.0,372.0131530761719,2022-09-02,158.92442321777344
2021-09-03,385.0,372.98455810546875,2022-09-06,157.15988159179688
2021-09-07,385.0,378.85308837890625,2022-09-07,158.99378967285156
2021-09-08,385.0,374.2831726074219,2022-09-08,160.64923095703125
2021-09-09,385.0,374.7095031738281,2022-09-09,167.67752075195312
2021-09-10,385.0,375.39349365234375,2022-09-12,167.4891815185547
2021-09-13,385.0,373.2324523925781,2022-09-13,151.7969970703125
2021-09-14,385.0,373.2522277832031,2022-09-14,150.15145874023438
2021-09-15,385.0,370.6650085449219,2022-09-15,148.2481231689453
2021-09-16,385.0,369.81243896484375,2022-09-16,145.0165252685547
2021-09-17,385.0,361.5450744628906,2022-09-19,146.73147583007812
2021-09-20,385.0,352.6036071777344,2022-09-20,144.81825256347656
2021-09-21,385.0,354.3681335449219,2022-09-21,140.88282775878906
2021-09-22,385.0,340.2222900390625,2022-09-22,141.57675170898438
2021-09-23,385.0,342.9483642578125,2022-09-23,139.18771362304688
2021-09-24,385.0,349.887451171875,2022-09-26,135.18289184570312
2021-09-27,385.0,350.50201416015625,2022-09-27,133.2300262451172
2021-09-28,385.0,337.6846008300781,2022-09-28,140.37728881835938
2021-09-29,385.0,336.6536560058594,2022-09-29,135.2225341796875
2021-09-30,385.0,336.4355773925781,2022-09-30,134.49888610839844
2021-10-01,385.0,340.02410888671875,2022-10-03,137.40338134765625
2021-10-04,385.0,323.3901062011719,2022-10-04,139.058837890625
2021-10-05,385.0,330.0615234375,2022-10-05,137.77012634277344
2021-10-06,385.0,330.7356262207031,2022-10-06,137.85939025878906
2021-10-07,385.0,326.3541259765625,2022-10-07,132.28826904296875
2021-10-08,385.0,327.1768493652344,2022-10-10,132.6253204345703
2021-10-11,385.0,322.616943359375,2022-10-11,127.42102813720703
2021-10-12,385.0,320.9515686035156,2022-10-12,126.39009094238281
2021-10-13,385.0,321.71484375,2022-10-13,129.15579223632812
2021-10-14,385.0,325.67010498046875,2022-10-14,125.65653991699219
2021-10-15,385.0,321.9329528808594,2022-10-17,132.87315368652344
2021-10-18,385.0,332.4208068847656,2022-10-18,131.64395141601562
2021-10-19,385.0,337.03033447265625,2022-10-19,132.0701904296875
2021-10-20,385.0,337.8134460449219,2022-10-20,130.385009765625
2021-10-21,385.0,338.90386962890625,2022-10-21,128.87823486328125
2021-10-22,385.0,321.78424072265625,2022-10-24,128.59075927734375
2021-10-25,385.0,325.8287048339844,2022-10-25,136.3129425048828
2021-10-26,385.0,313.06085205078125,2022-10-26,128.6898956298828
2021-10-27,385.0,309.5020751953125,2022-10-27,97.08741760253906
2021-10-28,385.0,314.16119384765625,2022-10-28,98.33644104003906
2021-10-29,385.0,320.7532653808594,2022-10-31,92.34903717041016
2022-01-19,395.0,316.80792236328125,2023-01-19,134.96478271484375
2022-01-20,395.0,313.8042907714844,2023-01-20,138.1567840576172
2022-01-21,395.0,300.5308837890625,2023-01-23,142.02281188964844
2022-01-24,395.0,306.0226135253906,2023-01-24,141.89393615722656
2022-01-25,395.0,297.5372009277344,2023-01-25,140.2682342529297
2022-01-26,397.5,292.0651550292969,2023-01-26,146.01771545410156
2022-01-27,397.5,292.07513427734375,2023-01-27,150.41909790039062
2022-01-28,397.5,299.0835876464844,2023-01-30,145.77984619140625
2022-01-31,397.5,310.53302001953125,2023-01-31,147.67318725585938
2022-02-01,397.5,316.2230529785156,2023-02-01,151.7870635986328
2022-02-02,397.5,320.18829345703125,2023-02-02,187.12673950195312
2022-02-03,332.875,235.69027709960938,2023-02-03,184.90621948242188
2022-02-04,322.6842105263158,235.02610778808594,2023-02-06,184.4403076171875
2022-02-07,322.6842105263158,222.9521484375,2023-02-07,189.95193481445312
2022-02-08,320.05,218.26329040527344,2023-02-08,181.8332061767578
2022-02-09,320.05,229.98040771484375,2023-02-09,176.37120056152344
2022-02-10,320.05,226.08462524414062,2023-02-10,172.6339874267578
2022-02-11,320.05,217.63880920410156,2023-02-13,177.8680419921875
2022-02-14,320.05,215.8048858642578,2023-02-14,177.91761779785156
2022-02-15,320.05,219.076171875,2023-02-15,175.61778259277344
2022-02-16,320.05,214.6549835205078,2023-02-16,170.93887329101562
2022-02-17,320.05,205.90185546875,2023-02-17,171.37509155273438
2022-02-18,320.05,204.3653564453125,2023-02-21,170.58204650878906
2022-02-22,320.05,200.32086181640625,2023-02-22,169.63038635253906
2022-02-23,320.05,196.72244262695312,2023-02-23,170.54238891601562
2022-02-24,320.05,205.79281616210938,2023-02-24,168.90672302246094
2022-02-25,320.05,208.6477508544922,2023-02-27,168.0641632080078
2022-02-28,320.05,209.19296264648438,2023-02-28,173.4171600341797
2022-03-01,320.05,201.7185821533203,2023-03-01,171.91033935546875
2022-03-02,320.2857142857143,206.2983856201172,2023-03-02,173.0106658935547
2022-03-03,320.2857142857143,201.20314025878906,2023-03-03,183.63735961914062
2022-03-04,320.2857142857143,198.31845092773438,2023-03-06,183.29042053222656
2022-03-07,320.2857142857143,185.83802795410156,2023-03-07,182.90382385253906
2022-03-08,316.6363636363636,188.6334991455078,2023-03-08,183.3597869873047
2022-03-09,316.6363636363636,196.77203369140625,2023-03-09,180.10838317871094
2022-03-10,316.6363636363636,193.5106658935547,2023-03-10,177.9473419189453
2022-03-11,314.39130434782606,185.9768524169922,2023-03-13,179.3252410888672
2022-03-14,314.39130434782606,185.00537109375,2023-03-14,192.33103942871094
2022-03-15,314.39130434782606,190.3583526611328,2023-03-15,196.02854919433594
2022-03-16,314.39130434782606,201.85739135742188,2023-03-16,203.1460418701172
2022-03-17,314.39130434782606,206.0307159423828,2023-03-17,193.90719604492188
2022-03-18,314.39130434782606,214.6054229736328,2023-03-20,196.08802795410156
2022-03-21,314.39130434782606,209.64894104003906,2023-03-21,200.40016174316406
2022-03-22,314.39130434782606,214.7640380859375,2023-03-22,198.07061767578125
2022-03-23,314.39130434782606,211.60179138183594,2023-03-23,202.501708984375
2022-03-24,314.39130434782606,217.6586151123047,2023-03-24,204.21664428710938
2022-03-25,314.39130434782606,219.88905334472656,2023-03-27,201.07423400878906
2022-03-28,314.39130434782606,221.6436004638672,2023-03-28,198.9330596923828
2022-03-29,314.39130434782606,227.8590545654297,2023-03-29,203.5624237060547
2022-03-30,314.39130434782606,225.8665313720703,2023-03-30,206.0307159423828
2022-03-31,314.39130434782606,220.42433166503906,2023-03-31,210.09503173828125
2022-04-01,314.39130434782606,222.8926544189453,2023-04-03,211.2152099609375
2022-04-04,314.39130434782606,231.8539581298828,2023-04-04,212.850830078125
2022-04-05,313.7916666666667,229.82180786132812,2023-04-05,209.63905334472656
2022-04-06,313.7916666666667,221.35614013671875,2023-04-06,214.2188262939453
2022-04-07,313.7916666666667,221.00918579101562,2023-04-10,212.8805694580078
2022-04-08,313.7916666666667,220.39459228515625,2023-04-10,212.8805694580078
2022-04-11,313.7916666666667,214.57569885253906,2023-04-11,211.98843383789062
2022-04-12,313.7916666666667,212.27587890625,2023-04-12,212.13711547851562
2022-04-13,310.84,213.11849975585938,2023-04-13,218.43182373046875
2022-04-14,310.84,208.35035705566406,2023-04-14,219.56190490722656
2022-04-18,310.84,208.9352264404297,2023-04-18,215.99325561523438
2022-04-19,306.0740740740741,215.4182891845703,2023-04-19,213.82229614257812
2022-04-20,305.85714285714283,198.67532348632812,2023-04-20,211.2152099609375
2022-04-21,304.6896551724138,186.43283081054688,2023-04-21,211.03675842285156
2022-04-22,304.6896551724138,182.50729370117188,2023-04-24,210.9376220703125
2022-04-25,305.3666666666667,185.36221313476562,2023-04-25,205.74327087402344
2022-04-26,305.3666666666667,179.3748016357422,2023-04-26,207.57713317871094
2022-04-27,305.3666666666667,173.42703247070312,2023-04-27,236.48330688476562
2022-04-28,297.6341463414634,203.9390869140625,2023-04-28,238.2279815673828
2022-04-29,297.6341463414634,198.72488403320312,2023-05-01,241.0630645751953
2022-05-02,297.6341463414634,209.29209899902344,2023-05-02,237.15740966796875
2022-05-03,297.6341463414634,210.18426513671875,2023-05-03,234.96661376953125
2022-05-04,297.6341463414634,221.46519470214844,2023-05-04,231.48716735839844
2022-05-05,297.6341463414634,206.4669189453125,2023-05-05,230.7536163330078
2022-05-06,297.6341463414634,201.9961700439453,2023-05-08,231.23936462402344
2022-05-09,297.6341463414634,194.50196838378906,2023-05-09,231.33848571777344
2022-05-10,297.6341463414634,195.92942810058594,2023-05-10,231.05101013183594
2022-05-11,297.6341463414634,187.09701538085938,2023-05-11,233.73741149902344
2022-05-12,297.6341463414634,189.57522583007812,2023-05-12,231.77467346191406
2022-05-13,297.6341463414634,196.8909912109375,2023-05-15,236.78070068359375
2022-05-16,297.6341463414634,198.29861450195312,2023-05-16,236.7410430908203
2022-05-17,297.6341463414634,200.85617065429688,2023-05-17,240.37908935546875
2022-05-18,296.5,190.5665283203125,2023-05-18,244.70115661621094
2022-05-19,296.5,189.62478637695312,2023-05-19,243.50169372558594
2022-05-20,296.5,191.85519409179688,2023-05-22,246.15835571289062
2022-05-23,296.5,194.52178955078125,2023-05-23,244.59210205078125
2022-05-24,296.8139534883721,179.70193481445312,2023-05-24,247.0406036376953
2022-05-25,296.8139534883721,182.22975158691406,2023-05-25,250.4902801513672
2022-05-26,296.8139534883721,189.96185302734375,2023-05-26,259.7589111328125
2022-05-27,296.8139534883721,193.431396484375,2023-05-30,260.2347717285156
2022-05-31,296.8139534883721,191.95436096191406,2023-05-31,262.41558837890625
2022-06-01,296.8863636363636,186.99789428710938,2023-06-01,270.23687744140625
2022-06-02,295.1777777777778,197.12892150878906,2023-06-02,270.23687744140625
2022-06-03,295.1777777777778,189.1192169189453,2023-06-05,269.0274963378906
2022-06-06,295.1777777777778,192.5590362548828,2023-06-06,268.7598571777344
2022-06-07,295.1777777777778,193.94683837890625,2023-06-07,261.3053283691406
2022-06-08,295.1777777777778,194.92823791503906,2023-06-08,262.2767639160156
2022-06-09,295.1777777777778,182.3982696533203,2023-06-09,262.6435852050781
2022-06-10,295.0652173913044,174.04164123535156,2023-06-12,268.6904602050781
2022-06-13,295.0652173913044,162.83004760742188,2023-06-13,268.9581604003906
2022-06-14,295.0652173913044,162.30470275878906,2023-06-14,270.970458984375
2022-06-15,295.0652173913044,167.8758087158203,2023-06-15,279.3766174316406
2022-06-16,293.36170212765956,159.46961975097656,2023-06-16,278.55389404296875
2022-06-17,293.36170212765956,162.3146209716797,2023-06-20,281.8548278808594
2022-06-21,293.36170212765956,155.68287658691406,2023-06-21,279.1883239746094
2022-06-22,293.36170212765956,154.4933319091797,2023-06-22,282.4000549316406
2022-06-23,293.36170212765956,157.3680419921875,2023-06-23,286.2165832519531
2022-06-24,293.36170212765956,168.67874145507812,2023-06-26,276.0459289550781
2022-06-27,293.36170212765956,168.0145721435547,2023-06-27,284.55120849609375
2022-06-28,293.36170212765956,159.28125,2023-06-28,282.8065490722656
2022-06-29,291.9375,162.5128936767578,2023-06-29,279.07928466796875
2022-06-30,290.8775510204082,159.84629821777344,2023-06-30,284.4818420410156
2022-07-01,290.8775510204082,158.6369171142578,2023-07-03,283.5301208496094
2022-07-05,290.66,166.7258758544922,2023-07-05,291.80743408203125
2022-07-06,290.66,168.29217529296875,2023-07-06,289.4481506347656
2022-07-07,290.45098039215685,170.69107055664062,2023-07-07,288.0009460449219
2022-07-08,290.45098039215685,169.39248657226562,2023-07-10,291.539794921875
2022-07-11,290.45098039215685,161.46212768554688,2023-07-11,295.6933288574219
2022-07-12,290.45098039215685,161.84872436523438,2023-07-12,306.6471252441406
2022-07-13,290.15384615384613,162.06680297851562,2023-07-13,310.68170166015625
2022-07-14,289.77358490566036,156.67416381835938,2023-07-14,306.1812438964844
2022-07-15,289.77358490566036,163.26626586914062,2023-07-17,307.916015625
2022-07-18,289.77358490566036,165.77426147460938,2023-07-18,309.33355712890625
2022-07-19,286.81481481481484,174.2498321533203,2023-07-19,313.2591247558594
2022-07-20,286.81481481481484,181.49618530273438,2023-07-20,299.8865661621094
2022-07-21,285.8727272727273,181.5754852294922,2023-07-21,291.69842529296875
2022-07-22,285.8727272727273,167.7965087890625,2023-07-24,289.07147216796875
2022-07-25,283.4035087719298,165.1992645263672,2023-07-25,291.9065856933594
2022-07-26,279.719298245614,157.76455688476562,2023-07-26,295.970947265625
2022-07-27,279.719298245614,168.10379028320312,2023-07-27,308.9964904785156
2022-07-28,262.27848101265823,159.32090759277344,2023-07-28,322.64666748046875
2022-07-29,260.75,157.7150421142578,2023-07-31,315.82659912109375
2022-08-01,260.75,158.53778076171875,2023-08-01,319.9007873535156
2022-08-02,260.75,158.7955322265625,2023-08-02,311.5738830566406
2022-08-03,247.4090909090909,167.33056640625,2023-08-03,310.463623046875
2022-08-04,246.4126984126984,169.08517456054688,2023-08-04,308.0250549316406
2022-08-05,246.4126984126984,165.65528869628906,2023-08-07,313.8042907714844
2022-08-08,246.03225806451613,168.76795959472656,2023-08-08,309.91839599609375
2022-08-09,246.03225806451613,167.0629425048828,2023-08-09,302.5531311035156
2022-08-10,246.03225806451613,176.78749084472656,2023-08-10,303.0784912109375
2022-08-11,246.03225806451613,175.94493103027344,2023-08-11,299.0141906738281
2022-08-12,246.03225806451613,178.92869567871094,2023-08-14,303.5245666503906
2022-08-15,246.03225806451613,179.31533813476562,2023-08-15,299.3214416503906
2022-08-16,246.03225806451613,177.90769958496094,2023-08-16,291.7281188964844
2022-08-17,246.03225806451613,173.32791137695312,2023-08-17,282.6082458496094
2022-08-18,246.03225806451613,173.13954162597656,2023-08-18,280.7843322753906
2022-08-19,245.6984126984127,166.4978790283203,2023-08-21,287.37640380859375
2022-08-22,244.4375,161.63063049316406,2023-08-22,285.09637451171875
2022-08-23,244.4375,159.70750427246094,2023-08-23,291.6786193847656
2022-08-24,244.4375,161.83880615234375,2023-08-24,284.25384521484375
2022-08-25,244.4375,167.3107147216797,2023-08-25,283.0147399902344
2022-08-26,244.4375,160.37168884277344,2023-08-28,287.73321533203125
2022-08-29,244.4375,157.784423828125,2023-08-29,295.39599609375
2022-08-30,243.15873015873015,155.7919158935547,2023-08-30,292.5311279296875
2022-08-31,243.15873015873015,161.51168823242188,2023-08-31,293.31427001953125
2022-09-01,243.15873015873015,163.92051696777344,2023-09-01,293.79998779296875
2022-09-02,243.15873015873015,158.92442321777344,2023-09-05,297.5372009277344
2022-09-06,243.20967741935485,157.15988159179688,2023-09-06,296.5657043457031
2022-09-07,241.79365079365078,158.99378967285156,2023-09-07,296.070068359375
2022-09-08,241.41935483870967,160.64923095703125,2023-09-08,295.296875
2022-09-09,241.41935483870967,167.67752075195312,2023-09-11,304.8826904296875
2022-09-12,240.36507936507937,167.4891815185547,2023-09-12,299.03399658203125
2022-09-13,240.36507936507937,151.7969970703125,2023-09-13,302.4044189453125
2022-09-14,240.36507936507937,150.15145874023438,2023-09-14,309.0064392089844
2022-09-15,240.36507936507937,148.2481231689453,2023-09-15,297.69573974609375
2022-09-16,240.36507936507937,145.0165252685547,2023-09-18,299.9162902832031
2022-09-19,240.36507936507937,146.73147583007812,2023-09-19,302.41436767578125
2022-09-20,240.36507936507937,144.81825256347656,2023-09-20,297.06134033203125
2022-09-21,240.36507936507937,140.88282775878906,2023-09-21,293.15557861328125
2022-09-22,240.36507936507937,141.57675170898438,2023-09-22,296.4765319824219
2022-09-23,240.36507936507937,139.18771362304688,2023-09-25,298.2112121582031
2022-09-26,240.36507936507937,135.18289184570312,2023-09-26,296.35748291015625
2022-09-27,240.36507936507937,133.2300262451172,2023-09-27,295.1481018066406
2022-09-28,240.359375,140.37728881835938,2023-09-28,301.31396484375
2022-09-29,240.359375,135.2225341796875,2023-09-29,297.5966491699219
2022-09-30,240.359375,134.49888610839844,2023-10-02,304.14910888671875
2022-10-03,239.4126984126984,137.40338134765625,2023-10-03,298.3203430175781
2022-10-04,238.734375,139.058837890625,2023-10-04,302.9198913574219
2022-10-05,238.734375,137.77012634277344,2023-10-05,302.1368103027344
2022-10-06,238.13846153846154,137.85939025878906,2023-10-06,312.6841125488281
2022-10-07,238.13846153846154,132.28826904296875,2023-10-09,315.5885925292969
2022-10-10,237.63636363636363,132.6253204345703,2023-10-10,319.0383605957031
2022-10-11,235.49253731343285,127.42102813720703,2023-10-11,324.9663391113281
2022-10-12,235.49253731343285,126.39009094238281,2023-10-12,321.3381652832031
2022-10-13,235.0441176470588,129.15579223632812,2023-10-13,311.9506530761719
2022-10-14,235.0441176470588,125.65653991699219,2023-10-16,318.35430908203125
2022-10-17,234.6969696969697,132.87315368652344,2023-10-17,321.1795654296875
2022-10-18,233.69230769230768,131.64395141601562,2023-10-18,314.2107238769531
2022-10-19,232.5076923076923,132.0701904296875,2023-10-19,310.0869140625
2022-10-20,232.5076923076923,130.385009765625,2023-10-20,305.9631652832031
2022-10-21,230.7910447761194,128.87823486328125,2023-10-23,311.27655029296875
2022-10-24,227.47058823529412,128.59075927734375,2023-10-24,309.8291931152344
2022-10-25,226.32857142857142,136.3129425048828,2023-10-25,296.92254638671875
2022-10-26,216.96610169491527,128.6898956298828,2023-10-26,285.8398742675781
2022-10-27,196.5487804878049,97.08741760253906,2023-10-27,294.1468505859375
2022-10-28,196.5487804878049,98.33644104003906,2023-10-30,300.02532958984375
2022-10-31,196.5487804878049,92.34903717041016,2023-10-31,298.64739990234375
2022-11-01,196.5487804878049,94.37126159667969,2023-11-01,309.1352233886719
2022-11-02,197.3132530120482,89.75184631347656,2023-11-02,308.1638488769531
2022-11-03,197.3132530120482,88.13601684570312,2023-11-03,311.8613586425781
2022-11-04,197.3132530120482,89.9996566772461,2023-11-06,313.0509033203125
2022-11-07,197.3132530120482,95.8780288696289,2023-11-07,316.0445861816406
2022-11-08,197.3132530120482,95.63020324707031,2023-11-08,316.99627685546875
2022-11-09,197.3132530120482,100.58668518066406,2023-11-09,317.7595520019531
2022-11-10,196.20238095238096,110.89616394042969,2023-11-10,325.90802001953125
2022-11-11,196.20238095238096,112.03614044189453,2023-11-13,326.3243713378906
2022-11-14,195.6,113.22570037841797,2023-11-14,333.3823547363281
2022-11-15,193.83529411764707,116.06080627441406,2023-11-15,329.813720703125
2022-11-16,193.83529411764707,112.24433135986328,2023-11-16,331.2807922363281
2022-11-17,193.83529411764707,110.47979736328125,2023-11-17,332.12347412109375
2022-11-18,193.83529411764707,111.07460021972656,2023-11-20,337.0105285644531
2022-11-21,192.45238095238096,108.90364837646484,2023-11-21,334.0465393066406
2022-11-22,192.45238095238096,110.46990203857422,2023-11-22,338.51727294921875
2022-11-23,192.45238095238096,111.262939453125,2023-11-24,335.2856750488281
2022-11-25,192.45238095238096,110.44017028808594,2023-11-27,331.7864074707031
2022-11-28,192.45238095238096,107.83305358886719,2023-11-28,336.0390319824219
2022-11-29,191.15662650602408,108.50714111328125,2023-11-29,329.3081359863281
2022-11-30,190.8048780487805,117.07191467285156,2023-11-30,324.3021545410156
2022-12-01,190.8048780487805,119.39155578613281,2023-12-01,321.992431640625
2022-12-02,190.8048780487805,122.4150161743164,2023-12-04,317.2342224121094
2022-12-05,190.8048780487805,121.3642349243164,2023-12-05,315.519287109375
2022-12-06,190.8048780487805,113.12657165527344,2023-12-06,314.68658447265625
2022-12-07,190.8048780487805,112.93824005126953,2023-12-07,323.7470397949219
2022-12-08,189.58024691358025,114.32603454589844,2023-12-08,329.8533630371094
2022-12-09,189.58024691358025,114.89106750488281,2023-12-11,322.44842529296875
2022-12-12,189.58024691358025,113.71143341064453,2023-12-12,331.3105773925781
2022-12-13,189.58024691358025,119.10408782958984,2023-12-13,331.8260192871094
2022-12-14,189.2625,120.53153228759766,2023-12-14,330.26971435546875
2022-12-15,189.2625,115.13890075683594,2023-12-15,332.0045166015625
2022-12-16,188.77777777777777,118.39035034179688,2023-12-18,341.6200256347656
2022-12-19,188.77777777777777,113.48343658447266,2023-12-19,347.3100891113281
2022-12-20,188.77777777777777,116.07072448730469,2023-12-20,346.2394104003906
2022-12-21,188.77777777777777,118.71747589111328,2023-12-21,351.0075988769531
2022-12-22,188.77777777777777,116.10044860839844,2023-12-22,350.3137512207031
2022-12-23,188.77777777777777,117.01246643066406,2023-12-26,351.7411804199219
2022-12-27,188.325,115.86254119873047,2023-12-27,354.71502685546875
2022-12-28,187.67088607594937,114.61351776123047,2023-12-28,355.20074462890625
2022-12-29,187.67088607594937,119.21312713623047,2023-12-29,350.8786926269531
2022-12-30,187.67088607594937,119.29241943359375,2024-01-02,343.2755432128906
2023-01-03,186.48717948717947,123.65412902832031,2024-01-03,341.4713134765625
2023-01-04,184.75641025641025,126.26123046875,2024-01-04,344.0982971191406
2023-01-05,184.56962025316454,125.83497619628906,2024-01-05,348.8862609863281
2023-01-06,184.56962025316454,128.88818359375,2024-01-08,355.5378723144531
2023-01-09,184.56962025316454,128.3429412841797,2024-01-09,354.31854248046875
2023-01-10,183.4102564102564,131.83230590820312,2024-01-10,367.2449645996094
2023-01-11,182.28571428571428,131.733154296875,2024-01-11,366.4519348144531
2023-01-12,182.28571428571428,135.5199432373047,2024-01-12,371.2300109863281
2023-01-13,182.28571428571428,135.78758239746094,2024-01-16,364.26116943359375
2023-01-17,180.14666666666668,134.1816864013672,2024-01-17,365.1632995605469
2023-01-18,178.74666666666667,131.86203002929688,2024-01-18,372.8557434082031
2023-01-19,178.74666666666667,134.96478271484375,2024-01-19,380.11199951171875
2023-01-20,178.43421052631578,138.1567840576172,2024-01-22,378.4565734863281
2023-01-23,177.26027397260273,142.02281188964844,2024-01-23,381.8467712402344
2023-01-24,177.26027397260273,141.89393615722656,2024-01-24,387.2989196777344
2023-01-25,160.46153846153845,140.2682342529297,2024-01-25,389.7572937011719
2023-01-26,160.3846153846154,146.01771545410156,2024-01-26,390.7089538574219
2023-01-27,160.3846153846154,150.41909790039062,2024-01-29,397.529052734375
2023-01-30,160.3846153846154,145.77984619140625,2024-01-30,396.5774230957031
2023-01-31,161.1320754716981,147.67318725585938,2024-01-31,386.7437744140625
2023-02-01,161.1320754716981,151.7870635986328,2024-02-01,391.34332275390625
2023-02-02,180.37974683544303,187.12673950195312,2024-02-02,470.8551025390625
2023-02-03,180.09876543209876,184.90621948242188,2024-02-05,455.4107971191406
2023-02-06,180.09876543209876,184.4403076171875,2024-02-06,450.7615966796875
2023-02-07,180.09876543209876,189.95193481445312,2024-02-07,465.50213623046875
2023-02-08,180.1951219512195,181.8332061767578,2024-02-08,465.9085998535156
2023-02-09,180.1951219512195,176.37120056152344,2024-02-09,464.0350341796875
2023-02-10,181.4578313253012,172.6339874267578,2024-02-12,464.8181457519531
2023-02-13,181.4578313253012,177.8680419921875,2024-02-13,456.11456298828125
2023-02-14,181.4578313253012,177.91761779785156,2024-02-14,469.1600341796875
2023-02-15,181.4578313253012,175.61778259277344,2024-02-15,479.81646728515625
2023-02-16,180.9268292682927,170.93887329101562,2024-02-16,469.1996765136719
2023-02-17,180.9268292682927,171.37509155273438,2024-02-20,467.64337158203125
2023-02-21,181.12345679012347,170.58204650878906,2024-02-21,464.447998046875
2023-02-22,181.12345679012347,169.63038635253906,2024-02-22,482.4095153808594
2023-02-23,181.12345679012347,170.54238891601562,2024-02-23,480.3255310058594
2023-02-24,181.12345679012347,168.90672302246094,2024-02-26,478.052978515625
2023-02-27,181.12345679012347,168.0641632080078,2024-02-27,483.32244873046875
2023-02-28,181.12345679012347,173.4171600341797,2024-02-28,480.31561279296875
2023-03-01,181.12345679012347,171.91033935546875,2024-02-29,486.3788757324219
2023-03-02,181.12345679012347,173.0106658935547,2024-03-01,498.4556884765625
2023-03-03,181.12345679012347,183.63735961914062,2024-03-04,494.377197265625
2023-03-06,181.12345679012347,183.29042053222656,2024-03-05,486.46820068359375
2023-03-07,181.4625,182.90382385253906,2024-03-06,492.2932434082031
2023-03-08,181.4625,183.3597869873047,2024-03-07,508.2699890136719
2023-03-09,182.12345679012347,180.10838317871094,2024-03-08,502.0777587890625
2023-03-10,182.12345679012347,177.9473419189453,2024-03-11,479.888916015625
2023-03-13,182.2125,179.3252410888672,2024-03-12,495.9252624511719
2023-03-14,183.7283950617284,192.33103942871094,2024-03-13,491.77728271484375
2023-03-15,186.7058823529412,196.02854919433594,2024-03-14,488.0658264160156
2023-03-16,187.32558139534885,203.1460418701172,2024-03-15,480.39501953125
2023-03-17,187.32558139534885,193.90719604492188,2024-03-18,493.17645263671875
2023-03-20,187.32558139534885,196.08802795410156,2024-03-19,492.44207763671875
2023-03-21,188.04597701149424,200.40016174316406,2024-03-20,501.65106201171875
2023-03-22,188.63636363636363,198.07061767578125,2024-03-21,503.87396240234375
2023-03-23,188.63636363636363,202.501708984375,2024-03-22,505.6799621582031
2023-03-24,190.44444444444446,204.21664428710938,2024-03-25,499.1701965332031
2023-03-27,190.98901098901098,201.07423400878906,2024-03-26,492.0948181152344
2023-03-28,190.44444444444446,198.9330596923828,2024-03-27,490.08026123046875
2023-03-29,190.44444444444446,203.5624237060547,2024-03-28,481.86370849609375
2023-03-30,191.1098901098901,206.0307159423828,2024-04-01,487.58953857421875
2023-03-31,191.1098901098901,210.09503173828125,2024-04-01,487.58953857421875
2023-04-03,191.05555555555554,211.2152099609375,2024-04-02,493.56341552734375
2023-04-04,191.05555555555554,212.850830078125,2024-04-03,502.86175537109375
2023-04-05,191.61111111111111,209.63905334472656,2024-04-04,507.0097961425781
2023-04-06,193.42391304347825,214.2188262939453,2024-04-05,523.3040771484375
2023-04-10,193.8876404494382,212.8805694580078,2024-04-09,512.9440307617188
2023-04-11,193.8876404494382,211.98843383789062,2024-04-10,515.8516235351562
2023-04-12,193.76136363636363,212.13711547851562,2024-04-11,519.1560668945312
2023-04-13,194.95555555555555,218.43182373046875,2024-04-12,507.9822692871094
2023-04-14,194.95604395604394,219.56190490722656,2024-04-15,496.4015808105469
2023-04-17,195.22826086956522,216.9547882080078,2024-04-16,495.9352111816406
2023-04-18,195.23076923076923,215.99325561523438,2024-04-17,490.38800048828125
2023-04-19,196.51612903225808,213.82229614257812,2024-04-18,497.95947265625
2023-04-20,196.98901098901098,211.2152099609375,2024-04-19,477.38818359375
2023-04-21,197.29347826086956,211.03675842285156,2024-04-22,478.04327392578125
2023-04-24,198.25,210.9376220703125,2024-04-23,492.30316162109375
2023-04-25,198.25,205.74327087402344,2024-04-24,489.72308349609375
2023-04-26,217.3846153846154,207.57713317871094,2024-04-25,438.0019836425781
2023-04-27,237.05494505494505,236.48330688476562,2024-04-26,439.8973693847656
2023-04-28,237.7391304347826,238.2279815673828,2024-04-29,429.3089904785156
2023-05-01,237.7391304347826,241.0630645751953,2024-04-30,426.8777770996094
2023-05-02,237.4945054945055,237.15740966796875,2024-05-01,435.8287353515625
2023-05-03,237.4945054945055,234.96661376953125,2024-05-02,438.29962158203125
2023-05-04,237.4945054945055,231.48716735839844,2024-05-03,448.5010070800781
2023-05-05,237.4945054945055,230.7536163330078,2024-05-06,462.115966796875
2023-05-08,237.4945054945055,231.23936462402344,2024-05-07,464.6564025878906
2023-05-09,237.4945054945055,231.33848571777344,2024-05-08,468.9830322265625
2023-05-10,238.9777777777778,231.05101013183594,2024-05-09,471.7814636230469
2023-05-11,238.9777777777778,233.73741149902344,2024-05-10,472.5555114746094
2023-05-12,238.9777777777778,231.77467346191406,2024-05-13,464.4281311035156
2023-05-15,242.5056179775281,236.78070068359375,2024-05-14,468.23876953125
2023-05-16,242.5056179775281,236.7410430908203,2024-05-15,477.8546447753906
2023-05-17,242.5056179775281,240.37908935546875,2024-05-16,469.6082458496094
2023-05-18,242.5056179775281,244.70115661621094,2024-05-17,468.29833984375
2023-05-19,242.5056179775281,243.50169372558594,2024-05-20,465.2518310546875
2023-05-22,242.5056179775281,246.15835571289062,2024-05-21,461.07403564453125
2023-05-23,242.5056179775281,244.59210205078125,2024-05-22,464.19989013671875
2023-05-24,242.5056179775281,247.0406036376953,2024-05-23,462.2151794433594
2023-05-25,242.5056179775281,250.4902801513672,2024-05-24,474.5600280761719
2023-05-26,242.5056179775281,259.7589111328125,2024-05-28,476.24700927734375
2023-05-30,242.5056179775281,260.2347717285156,2024-05-29,470.7295227050781
2023-05-31,242.5056179775281,262.41558837890625,2024-05-30,463.4754638671875
2023-06-01,242.5056179775281,270.23687744140625,2024-05-31,463.2571716308594
2023-06-02,242.5056179775281,270.23687744140625,2024-06-03,473.8356018066406
2023-06-05,244.3186813186813,269.0274963378906,2024-06-04,473.33941650390625
2023-06-06,244.3186813186813,268.7598571777344,2024-06-05,491.2711181640625
2023-06-07,244.3186813186813,261.3053283691406,2024-06-06,489.9811096191406
2023-06-08,244.66304347826087,262.2767639160156,2024-06-07,489.18719482421875
2023-06-09,244.66304347826087,262.6435852050781,2024-06-10,498.75341796875
2023-06-12,244.66304347826087,268.6904602050781,2024-06-11,503.5861511230469
2023-06-13,244.66304347826087,268.9581604003906,2024-06-12,504.9456481933594
2023-06-14,244.66304347826087,270.970458984375,2024-06-13,500.2419738769531
2023-06-15,245.7032967032967,279.3766174316406,2024-06-14,500.7981872558594
2023-06-16,245.7032967032967,278.55389404296875,2024-06-17,503.251708984375
2023-06-20,245.7032967032967,281.8548278808594,2024-06-20,498.3546447753906
2023-06-21,245.7032967032967,279.1883239746094,2024-06-20,498.3546447753906
2023-06-22,245.7032967032967,282.4000549316406,2024-06-21,491.4807434082031
2023-06-23,246.45652173913044,286.2165832519531,2024-06-24,495.58319091796875
2023-06-26,247.40860215053763,276.0459289550781,2024-06-25,507.1952819824219
2023-06-27,248.60638297872342,284.55120849609375,2024-06-26,509.698486328125
2023-06-28,249.77894736842106,282.8065490722656,2024-06-27,516.0955200195312
2023-06-29,249.77894736842106,279.07928466796875,2024-06-28,500.85784912109375
2023-06-30,249.77894736842106,284.4818420410156,2024-07-01,501.31475830078125
2023-07-03,249.77894736842106,283.5301208496094,2024-07-02,506.1026306152344
2023-07-05,251.76344086021504,291.80743408203125,2024-07-05,536.3098754882812
2023-07-06,253.98947368421054,289.4481506347656,2024-07-05,536.3098754882812
2023-07-07,254.8125,288.0009460449219,2024-07-08,525.7904052734375
2023-07-10,254.8125,291.539794921875,2024-07-09,526.4658813476562
2023-07-11,254.8125,295.6933288574219,2024-07-10,531.1246337890625
2023-07-12,255.79381443298968,306.6471252441406,2024-07-11,509.28125
2023-07-13,257.64646464646466,310.68170166015625,2024-07-12,495.54345703125
2023-07-14,257.64646464646466,306.1812438964844,2024-07-15,492.8515930175781
2023-07-17,260.3235294117647,307.916015625,2024-07-16,486.5240173339844
2023-07-18,262.3333333333333,309.33355712890625,2024-07-17,458.9093933105469
2023-07-19,263.0873786407767,313.2591247558594,2024-07-18,472.6769714355469
2023-07-20,264.1470588235294,299.8865661621094,2024-07-19,473.61077880859375
2023-07-21,264.1470588235294,291.69842529296875,2024-07-22,484.1499938964844
2023-07-24,264.1470588235294,289.07147216796875,2024-07-23,485.4313659667969
2023-07-25,266.63106796116506,291.9065856933594,2024-07-24,458.1942138671875
2023-07-26,267.9117647058824,295.970947265625,2024-07-25,450.3866271972656
2023-07-27,280.8,308.9964904785156,2024-07-26,462.59466552734375
2023-07-28,281.6551724137931,322.64666748046875,2024-07-29,462.6046142578125
2023-07-31,282.3652173913043,315.82659912109375,2024-07-30,460.1014404296875
2023-08-01,283.991452991453,319.9007873535156,2024-07-31,471.6637878417969
2023-08-02,302.38461538461536,311.5738830566406,2024-08-01,494.4210205078125
2023-08-03,305.3820224719101,310.463623046875,2024-08-02,484.88507080078125
2023-08-04,305.3820224719101,308.0250549316406,2024-08-05,472.5578308105469
2023-08-07,305.3820224719101,313.8042907714844,2024-08-06,490.7953796386719
2023-08-08,306.71590909090907,309.91839599609375,2024-08-07,485.6597900390625
2023-08-09,306.71590909090907,302.5531311035156,2024-08-08,506.2317810058594
2023-08-10,306.9655172413793,303.0784912109375,2024-08-09,514.3175048828125
2023-08-11,306.9655172413793,299.0141906738281,2024-08-12,512.5095825195312
2023-08-14,306.9655172413793,303.5245666503906,2024-08-13,525.0156860351562
2023-08-15,306.9655172413793,299.3214416503906,2024-08-14,523.2476196289062
2023-08-16,306.9655172413793,291.7281188964844,2024-08-15,533.7470703125
2023-08-17,306.9655172413793,282.6082458496094,2024-08-16,523.903076171875
2023-08-18,308.7752808988764,280.7843322753906,2024-08-19,525.7507934570312
2023-08-21,308.7752808988764,287.37640380859375,2024-08-20,523.2176513671875
2023-08-22,309.23333333333335,285.09637451171875,2024-08-21,531.5914916992188
2023-08-23,309.23333333333335,291.6786193847656,2024-08-22,528.383056640625
2023-08-24,309.23333333333335,284.25384521484375,2024-08-23,524.479248046875
2023-08-25,309.23333333333335,283.0147399902344,2024-08-26,517.6452026367188
2023-08-28,309.23333333333335,287.73321533203125,2024-08-27,515.6385498046875
2023-08-29,309.23333333333335,295.39599609375,2024-08-28,513.3340454101562
2023-08-30,309.23333333333335,292.5311279296875,2024-08-29,514.764404296875
2023-08-31,309.23333333333335,293.31427001953125,2024-08-30,517.8338623046875
2023-09-01,309.23333333333335,293.79998779296875,2024-09-03,508.3475341796875
2023-09-05,309.23333333333335,297.5372009277344,2024-09-04,509.3210144042969
2023-09-06,310.0674157303371,296.5657043457031,2024-09-05,513.4135131835938
2023-09-07,310.0674157303371,296.070068359375,2024-09-06,496.93414306640625
2023-09-08,310.0674157303371,295.296875,2024-09-09,501.424072265625
2023-09-11,310.125,304.8826904296875,2024-09-10,501.424072265625
2023-09-12,313.1309523809524,299.03399658203125,2024-09-11,508.4170837402344
2023-09-13,314.0120481927711,302.4044189453125,2024-09-12,522.09521484375
2023-09-14,314.0120481927711,309.0064392089844,2024-09-13,521.1217651367188
2023-09-15,314.0120481927711,297.69573974609375,2024-09-16,530.2294311523438
2023-09-18,314.7926829268293,299.9162902832031,2024-09-17,533.2520751953125
2023-09-19,315.71604938271605,302.41436767578125,2024-09-18,534.8727416992188
2023-09-20,315.71604938271605,297.06134033203125,2024-09-19,555.901611328125
2023-09-21,316.873417721519,293.15557861328125,2024-09-20,558.1387329101562
2023-09-22,317.725,296.4765319824219,2024-09-23,561.1812744140625
2023-09-25,318.7088607594937,298.2112121582031,2024-09-24,560.1075439453125
2023-09-26,318.7088607594937,296.35748291015625,2024-09-25,565.0590209960938
2023-09-27,320.34177215189874,295.1481018066406,2024-09-26,564.5917358398438
2023-09-28,324.14285714285717,301.31396484375,2024-09-27,564.1143798828125
2023-09-29,324.14285714285717,297.5966491699219,2024-09-30,569.1654052734375
2023-10-02,324.91764705882355,304.14910888671875,2024-10-01,573.1724243164062
2023-10-03,325.8095238095238,298.3203430175781,2024-10-02,569.5332641601562
2023-10-04,327.9277108433735,302.9198913574219,2024-10-03,579.436279296875
2023-10-05,327.9277108433735,302.1368103027344,2024-10-04,592.5309448242188
2023-10-06,327.9277108433735,312.6841125488281,2024-10-07,581.434814453125
2023-10-09,328.45238095238096,315.5885925292969,2024-10-08,589.4984130859375
2023-10-10,328.45238095238096,319.0383605957031,2024-10-09,587.1320190429688
2023-10-11,330.4268292682927,324.9663391113281,2024-10-10,580.4901733398438
2023-10-12,332.0987654320988,321.3381652832031,2024-10-11,586.5751953125
2023-10-13,332.0987654320988,311.9506530761719,2024-10-14,587.0425415039062
2023-10-16,333.5,318.35430908203125,2024-10-15,582.916259765625
2023-10-17,335.5128205128205,321.1795654296875,2024-10-16,573.4905395507812
2023-10-18,335.5128205128205,314.2107238769531,2024-10-17,573.6297607421875
2023-10-19,336.94805194805195,310.0869140625,2024-10-18,573.1724243164062
2023-10-20,336.94805194805195,305.9631652832031,2024-10-21,571.8697509765625
2023-10-23,336.94805194805195,311.27655029296875,2024-10-22,578.6806640625
2023-10-24,337.3076923076923,309.8291931152344,2024-10-23,560.4655151367188
2023-10-25,362.84615384615387,296.92254638671875,2024-10-24,564.5321044921875
2023-10-26,366.9,285.8398742675781,2024-10-25,569.970703125
2023-10-27,366.9,294.1468505859375,2024-10-28,574.8526000976562
2023-10-30,366.9,300.02532958984375,2024-10-29,589.8861694335938
2023-10-31,366.9,298.64739990234375,2024-10-30,588.4146728515625
2023-11-01,366.9,309.1352233886719,2024-10-31,564.3331909179688
2023-11-02,366.9,308.1638488769531,2024-11-01,563.9154663085938
2023-11-03,366.9,311.8613586425781,2024-11-04,557.4727172851562
2023-11-06,366.9,313.0509033203125,2024-11-05,569.1553955078125
2023-11-07,366.9,316.0445861816406,2024-11-06,568.777587890625
2023-11-08,366.9,316.99627685546875,2024-11-07,588.315185546875
2023-11-09,366.9,317.7595520019531,2024-11-08,585.9686889648438
2023-11-10,366.9,325.90802001953125,2024-11-11,579.8340454101562
2023-11-13,367.6949152542373,326.3243713378906,2024-11-12,581.474609375
2023-11-14,368.31666666666666,333.3823547363281,2024-11-13,576.68212890625
2023-11-15,368.31666666666666,329.813720703125,2024-11-14,573.8583984375
2023-11-16,368.31666666666666,331.2807922363281,2024-11-15,550.910400390625
2023-11-17,368.31666666666666,332.12347412109375,2024-11-18,551.2285766601562
2023-11-20,368.31666666666666,337.0105285644531,2024-11-19,557.8803100585938
2023-11-21,368.31666666666666,334.0465393066406,2024-11-20,562.2849731445312
2023-11-22,369.40983606557376,338.51727294921875,2024-11-21,559.8688354492188
2023-11-24,369.40983606557376,335.2856750488281,2024-11-25,561.8772583007812
2023-11-27,369.40983606557376,331.7864074707031,2024-11-26,570.2590942382812
2023-11-28,369.40983606557376,336.0390319824219,2024-11-27,565.9439697265625
2023-11-29,369.40983606557376,329.3081359863281,2024-11-29,571.0346069335938
2023-11-30,369.40983606557376,324.3021545410156,2024-11-29,571.0346069335938
2023-12-01,369.40983606557376,321.992431640625,2024-12-02,589.438720703125
2023-12-04,370.91525423728814,317.2342224121094,2024-12-03,610.1397094726562
2023-12-05,370.91525423728814,315.519287109375,2024-12-04,610.2689208984375
2023-12-06,372.55172413793105,314.68658447265625,2024-12-05,605.4466552734375
2023-12-07,372.55172413793105,323.7470397949219,2024-12-06,620.2017822265625
2023-12-08,372.55172413793105,329.8533630371094,2024-12-09,610.0601196289062
2023-12-11,372.55172413793105,322.44842529296875,2024-12-10,615.7772827148438
2023-12-12,372.55172413793105,331.3105773925781,2024-12-11,629.060791015625
2023-12-13,372.55172413793105,331.8260192871094,2024-12-12,627.1815185546875
2023-12-14,372.55172413793105,330.26971435546875,2024-12-13,616.8013305664062
2023-12-15,372.55172413793105,332.0045166015625,2024-12-16,621.1697387695312
2023-12-18,372.55172413793105,341.6200256347656,2024-12-17,616.3933715820312
2023-12-19,372.55172413793105,347.3100891113281,2024-12-18,594.2527465820312
2023-12-20,372.55172413793105,346.2394104003906,2024-12-19,592.6406860351562
2023-12-21,373.56140350877195,351.0075988769531,2024-12-20,582.3715209960938
2023-12-22,373.56140350877195,350.3137512207031,2024-12-23,596.8995971679688
2023-12-26,374.77777777777777,351.7411804199219,2024-12-26,600.3823852539062
2023-12-27,375.6,354.71502685546875,2024-12-26,600.3823852539062
2023-12-28,375.6,355.20074462890625,2024-12-27,596.8599243164062
2023-12-29,375.6,350.8786926269531,2024-12-30,588.3319702148438
2024-01-02,375.6,343.2755432128906,2025-01-02,596.2926635742188
2024-01-03,376.2830188679245,341.4713134765625,2025-01-02,596.2926635742188
2024-01-04,377.11538461538464,344.0982971191406,2025-01-03,601.6561279296875
2024-01-05,377.11538461538464,348.8862609863281,2025-01-06,627.1004028320312
2024-01-08,377.11538461538464,355.5378723144531,2025-01-07,614.8509521484375
2024-01-09,378.0192307692308,354.31854248046875,2025-01-08,607.7162475585938
2024-01-10,381.01960784313724,367.2449645996094,2025-01-10,612.8308715820312
2024-01-11,382.7307692307692,366.4519348144531,2025-01-10,612.8308715820312
2024-01-12,382.7307692307692,371.2300109863281,2025-01-13,605.3379516601562
2024-01-16,386.82978723404256,364.26116943359375,2025-01-15,614.084716796875
2024-01-17,387.4166666666667,365.1632995605469,2025-01-16,608.2933349609375
2024-01-18,387.4166666666667,372.8557434082031,2025-01-17,609.756103515625
2024-01-19,387.8775510204082,380.11199951171875,2025-01-21,613.4280395507812
2024-01-22,389.7083333333333,378.4565734863281,2025-01-21,613.4280395507812
2024-01-23,389.7083333333333,381.8467712402344,2025-01-22,620.433349609375
2024-01-24,394.19444444444446,387.2989196777344,2025-01-23,633.3197021484375
2024-01-25,394.6,389.7572937011719,2025-01-24,644.3053588867188
2024-01-26,394.6,390.7089538574219,2025-01-27,656.6344604492188
2024-01-29,397.38235294117646,397.529052734375,2025-01-28,671.0133056640625
2024-01-30,399.3142857142857,396.5774230957031,2025-01-29,673.1627197265625
2024-01-31,399.3142857142857,386.7437744140625,2025-01-30,683.6210327148438
2024-02-01,399.3142857142857,391.34332275390625,2025-01-31,685.790283203125
2024-02-02,439.06,470.8551025390625,2025-02-03,694.0296020507812
2024-02-05,440.2549019607843,455.4107971191406,2025-02-04,700.7265014648438
2024-02-06,440.2549019607843,450.7615966796875,2025-02-05,701.4031982421875
2024-02-07,440.2549019607843,465.50213623046875,2025-02-06,708.4881591796875
2024-02-08,440.2549019607843,465.9085998535156,2025-02-07,711.0056762695312
2024-02-09,442.84615384615387,464.0350341796875,2025-02-10,713.87158203125
2024-02-12,442.84615384615387,464.8181457519531,2025-02-11,716.259765625
2024-02-13,442.84615384615387,456.11456298828125,2025-02-12,721.812255859375
2024-02-14,442.84615384615387,469.1600341796875,2025-02-13,724.9766845703125
2024-02-15,445.06,479.81646728515625,2025-02-14,733.0466918945312
2024-02-16,445.06,469.1996765136719,2025-02-18,712.8465576171875
2024-02-20,447.0,467.64337158203125,2025-02-19,700.30859375
2024-02-21,447.0,464.447998046875,2025-02-20,691.4225463867188
2024-02-22,447.0,482.4095153808594,2025-02-21,680.1879272460938
2024-02-23,447.0,480.3255310058594,2025-02-24,664.8439331054688
2024-02-26,447.0,478.052978515625,2025-02-25,654.2661743164062
2024-02-27,447.0,483.32244873046875,2025-02-26,670.386474609375
2024-02-28,447.0,480.31561279296875,2025-02-27,655.0025634765625
2024-02-29,447.0,486.3788757324219,2025-02-28,664.91357421875
2024-03-01,447.0,498.4556884765625,2025-03-03,651.828125
2024-03-04,447.0,494.377197265625,2025-03-04,636.8522338867188
2024-03-05,447.0,486.46820068359375,2025-03-05,653.2411499023438
2024-03-06,447.0,492.2932434082031,2025-03-06,624.841552734375
2024-03-07,447.0,508.2699890136719,2025-03-07,622.5827026367188
2024-03-08,447.0,502.0777587890625,2025-03-10,595.0487670898438
2024-03-11,447.0,479.888916015625,2025-03-11,602.7308959960938
2024-03-12,447.0,495.9252624511719,2025-03-12,616.5126953125
2024-03-13,447.0,491.77728271484375,2025-03-13,587.7349243164062
2024-03-14,447.0,488.0658264160156,2025-03-14,605.1494140625
2024-03-15,447.0,480.39501953125,2025-03-17,602.4603881835938
2024-03-18,451.2156862745098,493.17645263671875,2025-03-18,580.01123046875
2024-03-19,451.2156862745098,492.44207763671875,2025-03-19,581.7044067382812
2024-03-20,451.2156862745098,501.65106201171875,2025-03-20,583.6365966796875
2024-03-21,452.54,503.87396240234375,2025-03-21,593.8452758789062
2024-03-22,452.54,505.6799621582031,2025-03-24,616.35400390625
2024-03-25,452.54,499.1701965332031,2025-03-25,623.7840576171875
2024-03-26,454.0204081632653,492.0948181152344,2025-03-26,608.515869140625
2024-03-27,461.95454545454544,490.08026123046875,2025-03-27,600.1497192382812
2024-03-28,461.95454545454544,481.86370849609375,2025-03-28,574.4139404296875
2024-04-01,463.6279069767442,487.58953857421875,2025-04-01,583.6365966796875
2024-04-02,465.14285714285717,493.56341552734375,2025-04-02,581.574951171875
2024-04-03,468.27906976744185,502.86175537109375,2025-04-03,529.4758911132812
2024-04-04,470.9318181818182,507.0097961425781,2025-04-04,502.6943664550781
2024-04-05,470.9318181818182,523.3040771484375,2025-04-07,514.1678466796875
2024-04-08,475.77272727272725,515.2760009765625,2025-04-08,508.3912658691406
2024-04-09,475.77272727272725,512.9440307617188,2025-04-09,583.407470703125
2024-04-10,475.77272727272725,515.8516235351562,2025-04-10,544.086669921875
2024-04-11,478.53333333333336,519.1560668945312,2025-04-11,541.3777465820312
2024-04-12,478.53333333333336,507.9822692871094,2025-04-14,529.3364868164062
2024-04-15,482.531914893617,496.4015808105469,2025-04-15,519.416748046875
2024-04-16,487.2857142857143,495.9352111816406,2025-04-16,500.28411865234375
2024-04-17,490.921568627451,490.38800048828125,2025-04-17,499.45745849609375
2024-04-18,492.8269230769231,497.95947265625,2025-04-21,482.7052917480469
2024-04-19,492.8269230769231,477.38818359375,2025-04-21,482.7052917480469
2024-04-22,497.49056603773585,478.04327392578125,2025-04-22,498.26226806640625
2024-04-23,497.49056603773585,492.30316162109375,2025-04-23,518.1717529296875
2024-04-24,520.9318181818181,489.72308349609375,2025-04-24,530.9998168945312
2024-04-25,522.7727272727273,438.0019836425781,2025-04-25,545.0628051757812
2024-04-26,522.7727272727273,439.8973693847656,2025-04-28,547.5227661132812
2024-04-29,522.7727272727273,429.3089904785156,2025-04-29,552.203857421875
2024-04-30,522.7727272727273,426.8777770996094,2025-04-30,546.7857666015625
2024-05-01,523.179104477612,435.8287353515625,2025-05-01,569.9022216796875
2024-05-02,520.7794117647059,438.29962158203125,2025-05-02,594.6121215820312
2024-05-03,520.7794117647059,448.5010070800781,2025-05-05,596.8530883789062
2024-05-06,520.7794117647059,462.115966796875,2025-05-06,584.9412231445312
2024-05-07,520.7794117647059,464.6564025878906,2025-05-07,594.4029541015625
2024-05-08,520.7794117647059,468.9830322265625,2025-05-08,595.5982055664062
2024-05-09,520.7794117647059,471.7814636230469,2025-05-09,590.100341796875
2024-05-10,520.7794117647059,472.5555114746094,2025-05-12,636.8511352539062
2024-05-13,522.5074626865671,464.4281311035156,2025-05-13,653.3841552734375
2024-05-14,522.5074626865671,468.23876953125,2025-05-14,656.70068359375
2024-05-15,522.5074626865671,477.8546447753906,2025-05-15,641.283203125
2024-05-16,522.5074626865671,469.6082458496094,2025-05-16,637.7574462890625
2024-05-17,522.5074626865671,468.29833984375,2025-05-19,637.8470458984375
2024-05-20,522.5074626865671,465.2518310546875,2025-05-20,634.530517578125
2024-05-21,523.8333333333334,461.07403564453125,2025-05-21,632.9368896484375
2024-05-22,523.8333333333334,464.19989013671875,2025-05-22,634.0026245117188
2024-05-23,523.8333333333334,462.2151794433594,2025-05-23,624.5309448242188
2024-05-24,523.8333333333334,474.5600280761719,2025-05-27,639.7293701171875
2024-05-28,523.8333333333334,476.24700927734375,2025-05-28,640.984375
2024-05-29,523.8333333333334,470.7295227050781,2025-05-29,642.4484252929688
2024-05-30,523.8333333333334,463.4754638671875,2025-05-30,644.8785400390625
2024-05-31,523.8333333333334,463.2571716308594,2025-06-02,668.1941528320312
2024-06-03,523.8333333333334,473.8356018066406,2025-06-03,664.1604614257812
2024-06-04,523.8333333333334,473.33941650390625,2025-06-04,685.1754150390625
2024-06-05,524.223880597015,491.2711181640625,2025-06-05,681.8588256835938
2024-06-06,524.223880597015,489.9811096191406,2025-06-06,694.8960571289062
2024-06-07,524.223880597015,489.18719482421875,2025-06-09,691.2607421875
2024-06-10,524.223880597015,498.75341796875,2025-06-10,699.567138671875
2024-06-11,524.223880597015,503.5861511230469,2025-06-11,691.3404541015625
2024-06-12,523.1323529411765,504.9456481933594,2025-06-12,690.5635375976562
2024-06-13,523.1323529411765,500.2419738769531,2025-06-13,680.1159057617188
2024-06-14,523.1323529411765,500.7981872558594,2025-06-16,699.8262939453125
2024-06-17,523.1323529411765,503.251708984375,2025-06-17,694.9522705078125
2024-06-18,523.1323529411765,496.1593322753906,2025-06-18,693.4970703125
2024-06-20,523.3768115942029,498.3546447753906,2025-06-20,680.1207885742188
2024-06-21,523.3768115942029,491.4807434082031,2025-06-23,696.2481079101562
2024-06-24,523.3768115942029,495.58319091796875,2025-06-24,709.8734130859375
2024-06-25,524.8970588235294,507.1952819824219,2025-06-25,706.3648071289062
2024-06-26,524.8970588235294,509.698486328125,2025-06-26,723.7179565429688
2024-06-27,524.8970588235294,516.0955200195312,2025-06-27,731.2333984375
2024-06-28,524.8970588235294,500.85784912109375,2025-06-30,735.6788330078125
2024-07-01,524.8970588235294,501.31475830078125,2025-07-01,716.8704223632812
2024-07-02,524.8970588235294,506.1026306152344,2025-07-02,711.2388916015625
2024-07-03,525.2608695652174,506.55950927734375,2025-07-03,716.6611938476562
2024-07-05,525.2608695652174,536.3098754882812,2025-07-07,716.0032958984375
2024-07-08,528.5652173913044,525.7904052734375,2025-07-08,718.315673828125
2024-07-09,529.4264705882352,526.4658813476562,2025-07-09,730.3861694335938
2024-07-10,531.3382352941177,531.1246337890625,2025-07-10,724.8641967773438
2024-07-11,531.3382352941177,509.28125,2025-07-11,715.1660766601562
2024-07-12,531.3382352941177,495.54345703125,2025-07-14,718.5648803710938
2024-07-15,531.3382352941177,492.8515930175781,2025-07-15,708.0692749023438
2024-07-16,534.3529411764706,486.5240173339844,2025-07-16,700.6136474609375
2024-07-17,534.3529411764706,458.9093933105469,2025-07-17,699.1185913085938
2024-07-18,536.2089552238806,472.6769714355469,2025-07-18,701.979248046875
2024-07-19,536.0441176470588,473.61077880859375,2025-07-21,710.6408081054688
2024-07-22,538.6176470588235,484.1499938964844,2025-07-22,702.5075073242188
2024-07-23,539.9402985074627,485.4313659667969,2025-07-23,711.2489013671875
2024-07-24,540.3823529411765,458.1942138671875,2025-07-24,712.4649047851562
2024-07-25,540.3823529411765,450.3866271972656,2025-07-25,710.3517456054688
2024-07-26,540.3823529411765,462.59466552734375,2025-07-28,715.2855834960938
2024-07-29,542.8181818181819,462.6046142578125,2025-07-29,697.7131958007812
2024-07-30,542.5522388059702,460.1014404296875,2025-07-30,692.9389038085938
2024-07-31,542.5522388059702,471.6637878417969,2025-07-31,770.913330078125
2024-08-01,556.36,494.4210205078125,2025-08-01,747.5598754882812
2024-08-02,556.36,484.88507080078125,2025-08-04,773.833740234375
2024-08-05,557.1216216216217,472.5578308105469,2025-08-05,760.9659423828125
2024-08-06,557.36,490.7953796386719,2025-08-06,769.468017578125
2024-08-07,557.36,485.6597900390625,2025-08-07,759.3411865234375
2024-08-08,557.1216216216217,506.2317810058594,2025-08-08,766.7868041992188
2024-08-09,557.1216216216217,514.3175048828125,2025-08-11,763.3680419921875
2024-08-12,557.1216216216217,512.5095825195312,2025-08-12,787.419189453125
2024-08-13,557.1216216216217,525.0156860351562,2025-08-13,777.5316772460938
2024-08-14,557.1216216216217,523.2476196289062,2025-08-14,779.5748901367188
2024-08-15,557.1216216216217,533.7470703125,2025-08-15,782.664794921875
2024-08-16,558.2933333333333,523.903076171875,2025-08-18,764.8631591796875
2024-08-19,558.2933333333333,525.7507934570312,2025-08-19,749.0250854492188
2024-08-20,558.2933333333333,523.2176513671875,2025-08-20,745.2772827148438
2024-08-21,558.2933333333333,531.5914916992188,2025-08-21,736.6854248046875
2024-08-22,558.2933333333333,528.383056640625,2025-08-22,752.32421875
2024-08-23,558.2933333333333,524.479248046875,2025-08-25,750.8391723632812
2024-08-26,558.2933333333333,517.6452026367188,2025-08-26,751.636474609375
2024-08-27,558.2933333333333,515.6385498046875,2025-08-27,744.9384765625
2024-08-28,558.2933333333333,513.3340454101562,2025-08-28,748.6563110351562
2024-08-29,558.2933333333333,514.764404296875,2025-08-29,736.286865234375
2024-08-30,558.2933333333333,517.8338623046875,2025-09-02,732.70849609375
2024-09-03,558.2933333333333,508.3475341796875,2025-09-03,734.6421508789062
2024-09-04,558.2933333333333,509.3210144042969,2025-09-04,746.204345703125
2024-09-05,559.6315789473684,513.4135131835938,2025-09-05,749.9918823242188
2024-09-06,559.6315789473684,496.93414306640625,2025-09-08,749.8424072265625
2024-09-09,559.6315789473684,501.424072265625,2025-09-09,763.1986083984375
2024-09-10,560.1558441558442,501.424072265625,2025-09-10,749.5234375
2024-09-11,560.1558441558442,508.4170837402344,2025-09-11,748.447021484375
2024-09-12,560.1558441558442,522.09521484375,2025-09-12,753.1216430664062
2024-09-13,560.1558441558442,521.1217651367188,2025-09-15,762.201904296875
2024-09-16,560.3066666666666,530.2294311523438,2025-09-16,776.4552001953125
2024-09-17,560.3066666666666,533.2520751953125,2025-09-17,773.1858520507812
2024-09-18,560.3066666666666,534.8727416992188,2025-09-18,777.7010498046875
2024-09-19,560.3066666666666,555.901611328125,2025-09-19,775.8372192382812
2024-09-20,560.3066666666666,558.1387329101562,2025-09-22,763.1751098632812
2024-09-23,562.7012987012987,561.1812744140625,2025-09-23,753.4404907226562
2024-09-24,562.7012987012987,560.1075439453125,2025-09-24,758.686767578125
2024-09-25,562.7012987012987,565.0590209960938,2025-09-25,746.9672241210938
2024-09-26,569.2650602409639,564.5917358398438,2025-09-26,741.8206176757812
2024-09-27,569.2650602409639,564.1143798828125,2025-09-29,741.4716186523438
2024-09-30,570.9294117647058,569.1654052734375,2025-09-30,732.4749145507812
2024-10-01,570.5833333333334,573.1724243164062,2025-10-01,715.4791870117188
2024-10-02,570.4096385542168,569.5332641601562,2025-10-02,725.1639404296875
2024-10-03,570.4096385542168,579.436279296875,2025-10-03,708.7167358398438
2024-10-04,570.4096385542168,592.5309448242188,2025-10-06,713.8035278320312
2024-10-07,570.2317073170732,581.434814453125,2025-10-07,711.230224609375
2024-10-08,570.2317073170732,589.4984130859375,2025-10-08,715.9779052734375
2024-10-09,569.8641975308642,587.1320190429688,2025-10-09,731.6072387695312
2024-10-10,569.8641975308642,580.4901733398438,2025-10-10,703.4703979492188
2024-10-11,569.8641975308642,586.5751953125,2025-10-13,713.8433837890625
2024-10-14,569.038961038961,587.0425415039062,2025-10-14,706.811767578125
2024-10-15,568.7466666666667,582.916259765625,2025-10-15,715.6885986328125
2024-10-16,568.4594594594595,573.4905395507812,2025-10-16,710.2228393554688
2024-10-17,568.4594594594595,573.6297607421875,2025-10-17,715.0602416992188
2024-10-18,568.4594594594595,573.1724243164062,2025-10-20,730.2706909179688
2024-10-21,568.9027777777778,571.8697509765625,2025-10-21,731.3678588867188
2024-10-22,568.9027777777778,578.6806640625,2025-10-22,731.5074462890625
2024-10-23,587.58,560.4655151367188,2025-10-23,732.095947265625
2024-10-24,587.58,564.5321044921875,2025-10-24,736.444580078125
2024-10-25,587.58,569.970703125,2025-10-27,748.872314453125
2024-10-28,587.58,574.8526000976562,2025-10-28,749.49072265625
2024-10-29,588.3469387755102,589.8861694335938,2025-10-29,749.7201538085938
2024-10-30,593.1041666666666,588.4146728515625,2025-10-30,664.7410888671875
2024-10-31,593.1041666666666,564.3331909179688,2025-10-31,646.6680908203125
2024-11-01,593.1041666666666,563.9154663085938,2025-11-03,636.0557861328125
2024-11-04,593.1041666666666,557.4727172851562,2025-11-04,625.6926879882812
2024-11-05,593.1041666666666,569.1553955078125,2025-11-05,634.30029296875
2024-11-06,593.1041666666666,568.777587890625,2025-11-06,617.3344116210938
2024-11-07,593.1041666666666,588.315185546875,2025-11-07,620.0972290039062
2024-11-08,593.1041666666666,585.9686889648438,2025-11-10,630.1211547851562
2024-11-11,593.1041666666666,579.8340454101562,2025-11-11,625.453369140625
2024-11-12,593.1041666666666,581.474609375,2025-11-12,607.43017578125
2024-11-13,593.1041666666666,576.68212890625,2025-11-13,608.3079223632812
2024-11-14,593.1041666666666,573.8583984375,2025-11-14,607.8790283203125
2024-11-15,593.1041666666666,550.910400390625,2025-11-17,600.4483032226562
2024-11-18,593.1041666666666,551.2285766601562,2025-11-18,596.1395874023438
2024-11-19,593.1041666666666,557.8803100585938,2025-11-19,588.7886352539062
2024-11-20,593.1041666666666,562.2849731445312,2025-11-20,587.6217651367188
2024-11-21,593.1041666666666,559.8688354492188,2025-11-21,592.70849609375
2024-11-22,593.1041666666666,555.9415283203125,2025-11-24,611.459716796875
2024-11-25,593.1041666666666,561.8772583007812,2025-11-25,634.569580078125
2024-11-26,593.1041666666666,570.2590942382812,2025-11-26,631.9664306640625
2024-11-27,593.1041666666666,565.9439697265625,2025-11-28,646.2691650390625
2024-11-29,593.1041666666666,571.0346069335938,2025-12-01,639.2075805664062
2024-12-02,593.1041666666666,589.438720703125,2025-12-02,645.4213256835938
2024-12-03,594.0212765957447,610.1397094726562,2025-12-03,637.9408569335938
2024-12-04,594.0212765957447,610.2689208984375,2025-12-04,659.81396484375
2024-12-05,594.0212765957447,605.4466552734375,2025-12-05,671.673095703125
2024-12-06,594.0212765957447,620.2017822265625,2025-12-08,665.0702514648438
2024-12-09,594.0212765957447,610.0601196289062,2025-12-09,655.2557983398438
2024-12-10,597.1521739130435,615.7772827148438,2025-12-10,648.4434814453125
2024-12-11,597.1521739130435,629.060791015625,2025-12-11,651.016845703125
2024-12-12,597.1521739130435,627.1815185546875,2025-12-12,642.558837890625
2024-12-13,597.1521739130435,616.8013305664062,2025-12-15,646.3570556640625
2024-12-16,597.1521739130435,621.1697387695312,2025-12-16,655.9799194335938
2024-12-17,597.1521739130435,616.3933715820312,2025-12-17,648.343505859375
2024-12-18,598.4222222222222,594.2527465820312,2025-12-18,663.266845703125
2024-12-19,598.4222222222222,592.6406860351562,2025-12-19,657.5969848632812
2024-12-20,598.4222222222222,582.3715209960938,2025-12-22,660.3221435546875
2024-12-23,598.4222222222222,596.8995971679688,2025-12-23,663.7559814453125
2024-12-24,598.4222222222222,604.7608642578125,2025-12-24,666.361328125
2024-12-26,598.4222222222222,600.3823852539062,2025-12-26,662.1089477539062
2024-12-27,598.4222222222222,596.8599243164062,2025-12-29,657.5171508789062
2024-12-30,598.4222222222222,588.3319702148438,2025-12-30,664.7642211914062
2024-12-31,599.5227272727273,582.6301879882812,2025-12-31,658.9146118164062
2025-01-02,599.5227272727273,596.2926635742188,2026-01-02,649.2518310546875
2025-01-03,599.5227272727273,601.6561279296875,2026-01-05,657.616943359375
2025-01-06,598.9302325581396,627.1004028320312,2026-01-06,659.4436645507812
2025-01-07,598.9047619047619,614.8509521484375,2026-01-07,647.534912109375
2025-01-08,598.9047619047619,607.7162475585938,2026-01-08,644.9096069335938
2025-01-10,598.9047619047619,612.8308715820312,2026-01-12,640.8268432617188
2025-01-13,598.390243902439,605.3379516601562,2026-01-13,629.96630859375
2025-01-14,598.390243902439,591.3273315429688,2026-01-14,614.4240112304688
2025-01-15,598.390243902439,614.084716796875,2026-01-15,619.694580078125
2025-01-16,600.225,608.2933349609375,2026-01-16,619.1455688476562
2025-01-17,600.225,609.756103515625,2026-01-20,603.0443115234375
2025-01-21,601.6842105263158,613.4280395507812,2026-01-21,611.8685913085938
2025-01-22,601.6842105263158,620.433349609375,2026-01-22,646.476806640625
2025-01-23,601.6842105263158,633.3197021484375,2026-01-23,657.5870361328125
2025-01-24,601.6842105263158,644.3053588867188,2026-01-26,671.1627197265625
2025-01-27,603.7567567567568,656.6344604492188,2026-01-27,671.7716674804688
2025-01-28,603.7567567567568,671.0133056640625,2026-01-28,667.5391845703125
2025-01-29,641.8571428571429,673.1627197265625,2026-01-29,736.995361328125
2025-01-30,641.8571428571429,683.6210327148438,2026-01-30,715.2241821289062
2025-01-31,641.8571428571429,685.790283203125,2026-02-02,705.152099609375
2025-02-03,647.0,694.0296020507812,2026-02-03,690.4683227539062
2025-02-04,647.0,700.7265014648438,2026-02-04,667.798828125
2025-02-05,647.0,701.4031982421875,2026-02-05,669.0166625976562
2025-02-06,647.0,708.4881591796875,2026-02-06,660.2822265625
2025-02-07,647.0,711.0056762695312,2026-02-09,676.0140991210938
2025-02-10,647.0,713.87158203125,2026-02-10,669.525634765625
2025-02-11,647.0,716.259765625,2026-02-11,667.4993286132812
2025-02-12,647.0,721.812255859375,2026-02-12,648.6529541015625
2025-02-13,647.1666666666666,724.9766845703125,2026-02-13,638.6307983398438
2025-02-14,647.1666666666666,733.0466918945312,2026-02-17,638.1516723632812
2025-02-18,647.1666666666666,712.8465576171875,2026-02-18,642.0746459960938
2025-02-19,647.1666666666666,700.30859375,2026-02-19,643.6318969726562
2025-02-20,647.1666666666666,691.4225463867188,2026-02-20,654.4925537109375
2025-02-21,647.1666666666666,680.1879272460938,2026-02-23,636.1153564453125
2025-02-24,647.1666666666666,664.8439331054688,2026-02-24,638.1616821289062
2025-02-25,647.1666666666666,654.2661743164062,2026-02-25,652.5260009765625
2025-02-26,647.1666666666666,670.386474609375,2026-02-26,655.8401489257812
2025-02-27,647.1666666666666,655.0025634765625,2026-02-27,647.0258178710938
2025-02-28,647.1666666666666,664.91357421875,2026-03-02,652.396240234375
2025-03-03,647.1666666666666,651.828125,2026-03-03,653.91357421875
2025-03-04,647.1666666666666,636.8522338867188,2026-03-04,666.541015625
2025-03-05,646.0,653.2411499023438,2026-03-05,659.393798828125
2025-03-06,646.0,624.841552734375,2026-03-06,643.7117309570312
2025-03-07,646.0,622.5827026367188,2026-03-09,646.2372436523438
2025-03-10,650.6,595.0487670898438,2026-03-10,652.9053955078125
2025-03-11,650.6,602.7308959960938,2026-03-11,653.6939697265625
2025-03-12,650.6,616.5126953125,2026-03-12,637.043701171875
2025-03-13,650.6,587.7349243164062,2026-03-13,612.6171875
2025-03-14,650.6,605.1494140625,2026-03-16,626.8690185546875
2025-03-17,650.6,602.4603881835938,2026-03-17,622.0834350585938
2025-03-18,650.6,580.01123046875,2026-03-18,615.1099243164062
2025-03-19,650.6,581.7044067382812,2026-03-19,606.1382446289062
2025-03-20,650.6,583.6365966796875,2026-03-20,593.1102905273438
2025-03-21,650.6,593.8452758789062,2026-03-23,603.5006713867188
2025-03-24,650.125,616.35400390625,2026-03-24,592.3709716796875
2025-03-25,650.125,623.7840576171875,2026-03-25,594.3391723632812
2025-03-26,640.0,608.515869140625,2026-03-26,547.032958984375
2025-03-27,640.0,600.1497192382812,2026-03-27,525.233154296875
2025-03-28,640.0,574.4139404296875,2026-03-30,535.8833618164062
