ticker_date,Firm,TargetPrice,StockPriceAtTarget,ForwardDate,StockPrice12mForward
2019-04-25,Wedbush,275.0,16.5086669921875,2020-04-24,48.34333419799805
2019-04-25,Canaccord Genuity,394.0,16.5086669921875,2020-04-24,48.34333419799805
2019-04-25,JMP Securities,369.0,16.5086669921875,2020-04-24,48.34333419799805
2019-05-06,RBC Capital,190.0,17.022666931152344,2020-05-05,51.2140007019043
2019-05-21,Baird,340.0,13.67199993133545,2020-05-20,54.37066650390625
2019-05-22,Citigroup,38.2,12.84866714477539,2020-05-21,55.17333221435547
2019-05-30,Barclays,150.0,12.54800033569336,2020-05-29,55.66666793823242
2019-06-10,Roth Capital,238.0,14.192000389099121,2020-06-09,62.711334228515625
2019-06-20,Goldman Sachs,158.0,14.641332626342773,2020-06-19,66.72666931152344
2019-06-27,Credit Suisse,189.0,14.855999946594238,2020-06-26,63.982666015625
2019-06-28,UBS,160.0,14.897333145141602,2020-06-29,67.29000091552734
2019-07-01,JMP Securities,347.0,15.14466667175293,2020-06-30,71.98733520507812
2019-07-25,Nomura,270.0,15.254667282104492,2020-07-24,94.46666717529297
2019-07-25,Canaccord Genuity,350.0,15.254667282104492,2020-07-24,94.46666717529297
2019-07-25,Barclays,150.0,15.254667282104492,2020-07-24,94.46666717529297
2019-09-26,China Renaissance,324.0,16.17066764831543,2020-09-25,135.77999877929688
2019-10-24,Canaccord Genuity,375.0,19.978666305541992,2020-10-23,140.2100067138672
2019-10-24,RBC Capital,220.0,19.978666305541992,2020-10-23,140.2100067138672
2019-10-24,B of A Securities,235.0,19.978666305541992,2020-10-23,140.2100067138672
2019-10-24,Credit Suisse,200.0,19.978666305541992,2020-10-23,140.2100067138672
2019-10-24,JP Morgan,220.0,19.978666305541992,2020-10-23,140.2100067138672
2019-10-24,Wedbush,270.0,19.978666305541992,2020-10-23,140.2100067138672
2019-10-24,Nomura,60.0,19.978666305541992,2020-10-23,140.2100067138672
2019-10-25,Barclays,40.0,21.875333786010742,2020-10-26,140.0933380126953
2019-10-31,Morgan Stanley,250.0,20.994667053222656,2020-10-30,129.34666442871094
2019-11-11,Jefferies,400.0,23.006000518798828,2020-11-10,136.7866668701172
2019-11-18,Deutsche Bank,290.0,23.332666397094727,2020-11-17,147.20333862304688
2019-11-26,China Renaissance,69.2,21.92799949645996,2020-11-25,191.3333282470703
2019-12-03,Piper Sandler,84.6,22.413333892822266,2020-12-02,189.60667419433594
2019-12-04,Citigroup,222.0,22.20199966430664,2020-12-03,197.7933349609375
2019-12-06,Morgan Stanley,250.0,22.392667770385742,2020-12-07,213.9199981689453
2019-12-10,Exane BNP Paribas,400.0,23.256000518798828,2020-12-09,201.4933319091797
2019-12-26,Wedbush,370.0,28.729333877563477,2020-12-28,221.22999572753906
2019-12-30,Cowen & Co.,210.0,27.64666748046875,2020-12-29,221.99667358398438
2020-01-02,Canaccord Genuity,515.0,28.68400001525879,2021-01-04,243.2566680908203
2020-01-06,RBC Capital,315.0,30.1026668548584,2021-01-05,245.0366668701172
2020-01-07,Argus Research,556.0,31.270666122436523,2021-01-06,251.9933319091797
2020-01-09,Baird,525.0,32.089332580566406,2021-01-08,293.3399963378906
2020-01-09,CFRA,80.0,32.089332580566406,2021-01-08,293.3399963378906
2020-01-10,Piper Sandler,553.0,31.876667022705078,2021-01-11,270.39666748046875
2020-01-13,Oppenheimer,612.0,34.990665435791016,2021-01-12,283.14666748046875
2020-01-14,Jefferies,600.0,35.861331939697266,2021-01-13,284.8033447265625
2020-01-16,Morgan Stanley,360.0,34.232666015625,2021-01-15,275.38665771484375
2020-01-21,New Street Research,800.0,36.47999954223633,2021-01-20,283.48333740234375
2020-01-22,Wedbush,550.0,37.97066879272461,2021-01-21,281.663330078125
2020-01-23,Exane BNP Paribas,111.0,38.14666748046875,2021-01-22,282.21331787109375
2020-01-29,B of A Securities,350.0,38.732666015625,2021-01-28,278.4766540527344
2020-01-30,Piper Sandler,729.0,42.72066879272461,2021-01-29,264.510009765625
2020-01-30,Deutsche Bank,102.0,42.72066879272461,2021-01-29,264.510009765625
2020-01-30,Baird,130.0,42.72066879272461,2021-01-29,264.510009765625
2020-01-30,RBC Capital,530.0,42.72066879272461,2021-01-29,264.510009765625
2020-01-30,Roth Capital,350.0,42.72066879272461,2021-01-29,264.510009765625
2020-01-30,Credit Suisse,415.0,42.72066879272461,2021-01-29,264.510009765625
2020-01-30,Canaccord Genuity,750.0,42.72066879272461,2021-01-29,264.510009765625
2020-01-30,B of A Securities,370.0,42.72066879272461,2021-01-29,264.510009765625
2020-01-30,Oppenheimer,684.0,42.72066879272461,2021-01-29,264.510009765625
2020-01-30,JP Morgan,260.0,42.72066879272461,2021-01-29,264.510009765625
2020-02-03,Argus Research,808.0,52.0,2021-02-02,290.92999267578125
2020-02-13,Baird,650.0,53.599998474121094,2021-02-12,272.0400085449219
2020-02-18,Bernstein,730.0,57.22666549682617,2021-02-17,266.04998779296875
2020-02-18,Morgan Stanley,500.0,57.22666549682617,2021-02-17,266.04998779296875
2020-02-18,Cowen & Co.,290.0,57.22666549682617,2021-02-17,266.04998779296875
2020-02-18,Evercore ISI Group,550.0,57.22666549682617,2021-02-17,266.04998779296875
2020-02-25,Jefferies,800.0,53.32733154296875,2021-02-24,247.33999633789062
2020-03-12,Morgan Stanley,480.0,37.369998931884766,2021-03-12,231.2433319091797
2020-03-18,B of A Securities,500.0,24.08133316040039,2021-03-18,217.72000122070312
2020-03-19,Morgan Stanley,460.0,28.50933265686035,2021-03-19,218.2899932861328
2020-03-19,Wedbush,425.0,28.50933265686035,2021-03-19,218.2899932861328
2020-03-19,Canaccord Genuity,400.0,28.50933265686035,2021-03-19,218.2899932861328
2020-03-20,Baird,525.0,28.50200080871582,2021-03-22,223.3333282470703
2020-03-24,Citigroup,246.0,33.66666793823242,2021-03-24,210.08999633789062
2020-03-24,Morgan Stanley,440.0,33.66666793823242,2021-03-24,210.08999633789062
2020-03-27,Piper Sandler,820.0,34.29066848754883,2021-03-29,203.76333618164062
2020-03-30,Wedbush,425.0,33.47533416748047,2021-03-30,211.8733367919922
2020-03-31,Credit Suisse,415.0,34.93333435058594,2021-03-31,222.64332580566406
2020-04-06,Jefferies,650.0,34.41600036621094,2021-04-06,230.5399932861328
2020-04-06,Baird,525.0,34.41600036621094,2021-04-06,230.5399932861328
2020-04-14,Credit Suisse,580.0,47.32600021362305,2021-04-14,244.07666015625
2020-04-15,Goldman Sachs,864.0,48.65533447265625,2021-04-15,246.28334045410156
2020-04-22,B of A Securities,485.0,48.807334899902344,2021-04-22,239.89666748046875
2020-04-30,CFRA,775.0,52.12533187866211,2021-04-30,236.47999572753906
2020-04-30,B of A Securities,500.0,52.12533187866211,2021-04-30,236.47999572753906
2020-04-30,Oppenheimer,968.0,52.12533187866211,2021-04-30,236.47999572753906
2020-04-30,Wedbush,600.0,52.12533187866211,2021-04-30,236.47999572753906
2020-04-30,Credit Suisse,700.0,52.12533187866211,2021-04-30,236.47999572753906
2020-04-30,Piper Sandler,939.0,52.12533187866211,2021-04-30,236.47999572753906
2020-04-30,JMP Securities,1020.0,52.12533187866211,2021-04-30,236.47999572753906
2020-05-04,Morgan Stanley,680.0,50.74599838256836,2021-05-04,224.53334045410156
2020-05-19,JMP Securities,1001.0,53.867332458496094,2021-05-19,187.82000732421875
2020-05-27,Wedbush,800.0,54.68199920654297,2021-05-27,210.28334045410156
2020-05-29,Daiwa Capital,910.0,55.66666793823242,2021-06-01,207.96665954589844
2020-06-10,Wedbush,1000.0,68.336669921875,2021-06-10,203.3733367919922
2020-06-12,Morgan Stanley,650.0,62.35200119018555,2021-06-14,205.89666748046875
2020-06-18,Jefferies,1200.0,66.9306640625,2021-06-18,207.77000427246094
2020-06-19,JP Morgan,275.0,66.72666931152344,2021-06-21,206.94332885742188
2020-07-01,UBS,800.0,74.64199829101562,2021-07-01,225.97332763671875
2020-07-02,Wedbush,1250.0,80.57733154296875,2021-07-02,226.3000030517578
2020-07-06,JP Morgan,59.0,91.43866729736328,2021-07-06,219.86000061035156
2020-07-07,Goldman Sachs,1300.0,92.65733337402344,2021-07-07,214.88333129882812
2020-07-07,Morgan Stanley,740.0,92.65733337402344,2021-07-07,214.88333129882812
2020-07-13,Roth Capital,150.0,99.80400085449219,2021-07-13,222.84666442871094
2020-07-14,Piper Sandler,480.0,101.12000274658203,2021-07-14,217.7933349609375
2020-07-16,Citigroup,450.0,100.04266357421875,2021-07-16,214.74000549316406
2020-07-17,Credit Suisse,280.0,100.05599975585938,2021-07-19,215.4066619873047
2020-07-17,CFRA,1100.0,100.05599975585938,2021-07-19,215.4066619873047
2020-07-17,Baird,984.0,100.05599975585938,2021-07-19,215.4066619873047
2020-07-22,B of A Securities,800.0,106.15533447265625,2021-07-22,216.4199981689453
2020-07-23,Goldman Sachs,295.0,100.87133026123047,2021-07-23,214.4600067138672
2020-07-23,Oppenheimer,2209.0,100.87133026123047,2021-07-23,214.4600067138672
2020-07-23,Deutsche Bank,300.0,100.87133026123047,2021-07-23,214.4600067138672
2020-07-23,CFRA,1220.0,100.87133026123047,2021-07-23,214.4600067138672
2020-07-23,Baird,1658.0,100.87133026123047,2021-07-23,214.4600067138672
2020-07-23,RBC Capital,850.0,100.87133026123047,2021-07-23,214.4600067138672
2020-07-23,Cowen & Co.,220.0,100.87133026123047,2021-07-23,214.4600067138672
2020-07-23,Canaccord Genuity,324.6,100.87133026123047,2021-07-23,214.4600067138672
2020-07-23,Piper Sandler,2400.0,100.87133026123047,2021-07-23,214.4600067138672
2020-07-23,Wedbush,1800.0,100.87133026123047,2021-07-23,214.4600067138672
2020-07-24,Argus Research,1888.0,94.46666717529297,2021-07-26,219.2066650390625
2020-07-24,Daiwa Capital,330.0,94.46666717529297,2021-07-26,219.2066650390625
2020-07-28,Bernstein,180.0,98.43267059326172,2021-07-28,215.66000366210938
2020-07-29,Morgan Stanley,1050.0,99.94066619873047,2021-07-29,225.78334045410156
2020-08-04,Citigroup,550.0,99.13333129882812,2021-08-04,236.97332763671875
2020-08-14,Morgan Stanley,272.0,110.04733276367188,2021-08-16,228.72332763671875
2020-08-14,B of A Securities,350.0,110.04733276367188,2021-08-16,228.72332763671875
2020-08-17,Wedbush,1900.0,122.3759994506836,2021-08-17,221.90333557128906
2020-08-26,Jefferies,500.0,143.54466247558594,2021-08-26,233.72000122070312
2020-08-31,Wedbush,380.0,166.10667419433594,2021-08-31,245.24000549316406
2020-08-31,Argus Research,566.0,166.10667419433594,2021-08-31,245.24000549316406
2020-08-31,Canaccord Genuity,442.0,166.10667419433594,2021-08-31,245.24000549316406
2020-09-01,RBC Capital,290.0,158.35000610351562,2021-09-01,244.69667053222656
2020-09-02,B of A Securities,550.0,149.1233367919922,2021-09-02,244.1300048828125
2020-09-04,Oppenheimer,451.0,139.44000244140625,2021-09-07,250.97332763671875
2020-09-08,Bernstein,180.0,110.06999969482422,2021-09-08,251.2899932861328
2020-09-11,UBS,325.0,124.23999786376953,2021-09-13,247.6666717529297
2020-09-16,Credit Suisse,400.0,147.25332641601562,2021-09-16,252.3300018310547
2020-09-16,Deutsche Bank,400.0,147.25332641601562,2021-09-16,252.3300018310547
2020-09-18,Piper Sandler,515.0,147.38333129882812,2021-09-20,243.38999938964844
2020-09-18,Wedbush,475.0,147.38333129882812,2021-09-20,243.38999938964844
2020-09-23,Deutsche Bank,500.0,126.78666687011719,2021-09-23,251.2133331298828
2020-09-23,Canaccord Genuity,377.0,126.78666687011719,2021-09-23,251.2133331298828
2020-09-23,Baird,360.0,126.78666687011719,2021-09-23,251.2133331298828
2020-10-05,JP Morgan,75.0,141.89332580566406,2021-10-05,260.1966552734375
2020-10-08,New Street Research,578.0,141.97332763671875,2021-10-08,261.8299865722656
2020-10-13,Citigroup,117.0,148.88333129882812,2021-10-13,270.3599853515625
2020-10-14,Goldman Sachs,450.0,153.76666259765625,2021-10-14,272.7733459472656
2020-10-15,Baird,450.0,149.6266632080078,2021-10-15,281.010009765625
2020-10-16,Morgan Stanley,333.0,146.55667114257812,2021-10-18,290.03668212890625
2020-10-19,Wedbush,500.0,143.61000061035156,2021-10-19,288.0899963378906
2020-10-22,JMP Securities,516.0,141.92999267578125,2021-10-22,303.2266540527344
2020-10-22,Baird,488.0,141.92999267578125,2021-10-22,303.2266540527344
2020-10-22,Canaccord Genuity,419.0,141.92999267578125,2021-10-22,303.2266540527344
2020-10-22,Oppenheimer,486.0,141.92999267578125,2021-10-22,303.2266540527344
2020-10-23,Morgan Stanley,360.0,140.2100067138672,2021-10-25,341.6199951171875
2020-10-23,Daiwa Capital,430.0,140.2100067138672,2021-10-25,341.6199951171875
2020-10-27,Citigroup,137.0,141.55999755859375,2021-10-27,345.9533386230469
2020-11-17,B of A Securities,500.0,147.20333862304688,2021-11-17,363.0033264160156
2020-11-18,Morgan Stanley,540.0,162.2133331298828,2021-11-18,365.4599914550781
2020-11-23,Wedbush,560.0,173.9499969482422,2021-11-23,369.6766662597656
2020-12-03,Goldman Sachs,780.0,197.7933349609375,2021-12-03,338.3233337402344
2020-12-09,JP Morgan,90.0,201.4933319091797,2021-12-09,334.6000061035156
2020-12-10,New Street Research,578.0,209.02333068847656,2021-12-10,339.010009765625
2020-12-11,Jefferies,650.0,203.3300018310547,2021-12-13,322.13665771484375
2020-12-18,CFRA,750.0,231.6666717529297,2021-12-20,299.9800109863281
2021-01-04,JP Morgan,105.0,243.2566680908203,2022-01-04,383.1966552734375
2021-01-05,Exane BNP Paribas,340.0,245.0366668701172,2022-01-05,362.7066650390625
2021-01-06,Morgan Stanley,810.0,251.9933319091797,2022-01-06,354.8999938964844
2021-01-07,RBC Capital,700.0,272.0133361816406,2022-01-07,342.32000732421875
2021-01-08,Evercore ISI Group,650.0,293.3399963378906,2022-01-10,352.7066650390625
2021-01-10,B of A Securities,900.0,270.39666748046875,2022-01-10,352.7066650390625
2021-01-11,Credit Suisse,800.0,270.39666748046875,2022-01-11,354.79998779296875
2021-01-14,Goldman Sachs,780.0,281.6666564941406,2022-01-14,349.8699951171875
2021-01-15,Wedbush,950.0,275.38665771484375,2022-01-18,343.5033264160156
2021-01-20,Oppenheimer,1036.0,283.48333740234375,2022-01-20,332.0899963378906
2021-01-22,JP Morgan,125.0,282.21331787109375,2022-01-24,310.0
2021-01-25,Baird,728.0,293.6000061035156,2022-01-25,306.1333312988281
2021-01-28,JP Morgan,135.0,278.4766540527344,2022-01-28,282.1166687011719
2021-01-28,RBC Capital,725.0,278.4766540527344,2022-01-28,282.1166687011719
2021-01-28,Credit Suisse,800.0,278.4766540527344,2022-01-28,282.1166687011719
2021-01-28,Roth Capital,150.0,278.4766540527344,2022-01-28,282.1166687011719
2021-01-28,Deutsche Bank,900.0,278.4766540527344,2022-01-28,282.1166687011719
2021-02-01,Piper Sandler,1200.0,279.9366760253906,2022-02-01,310.4166564941406
2021-02-02,Morgan Stanley,880.0,290.92999267578125,2022-02-02,301.88665771484375
2021-03-03,UBS,730.0,217.73333740234375,2022-03-03,279.7633361816406
2021-03-09,New Street Research,900.0,224.52667236328125,2022-03-09,286.3233337402344
2021-03-11,Mizuho,775.0,233.1999969482422,2022-03-11,265.1166687011719
2021-03-29,Jefferies,700.0,203.76333618164062,2022-03-29,366.5233459472656
2021-04-04,B of A Securities,900.0,230.35000610351562,2022-04-04,381.8166809082031
2021-04-05,Goldman Sachs,835.0,230.35000610351562,2022-04-05,363.7533264160156
2021-04-05,JP Morgan,155.0,230.35000610351562,2022-04-05,363.7533264160156
2021-04-05,Wedbush,1000.0,230.35000610351562,2022-04-05,363.7533264160156
2021-04-12,Canaccord Genuity,1071.0,233.9933319091797,2022-04-12,328.98333740234375
2021-04-20,Mizuho,820.0,239.663330078125,2022-04-20,325.73333740234375
2021-04-23,Morgan Stanley,900.0,243.13333129882812,2022-04-25,332.67333984375
2021-04-27,Goldman Sachs,860.0,234.913330078125,2022-04-27,293.836669921875
2021-04-27,Credit Suisse,800.0,234.913330078125,2022-04-27,293.836669921875
2021-04-27,Canaccord Genuity,974.0,234.913330078125,2022-04-27,293.836669921875
2021-04-27,B of A Securities,900.0,234.913330078125,2022-04-27,293.836669921875
2021-04-27,Oppenheimer,1080.0,234.913330078125,2022-04-27,293.836669921875
2021-05-21,B of A Securities,700.0,193.6266632080078,2022-05-23,224.96665954589844
2021-05-24,Wells Fargo,590.0,202.14666748046875,2022-05-24,209.3866729736328
2021-05-28,Morgan Stanley,900.0,208.4066619873047,2022-05-31,252.75332641601562
2021-06-14,Canaccord Genuity,812.0,205.89666748046875,2022-06-14,220.88999938964844
2021-06-23,Morgan Stanley,900.0,218.85667419433594,2022-06-23,235.07000732421875
2021-06-29,UBS,660.0,226.9199981689453,2022-06-29,228.49000549316406
2021-07-07,JP Morgan,160.0,214.88333129882812,2022-07-07,244.5433349609375
2021-07-16,B of A Securities,750.0,214.74000549316406,2022-07-18,240.54666137695312
2021-07-27,Mizuho,825.0,214.92666625976562,2022-07-27,274.82000732421875
2021-07-27,RBC Capital,745.0,214.92666625976562,2022-07-27,274.82000732421875
2021-07-27,Wells Fargo,660.0,214.92666625976562,2022-07-27,274.82000732421875
2021-07-27,B of A Securities,800.0,214.92666625976562,2022-07-27,274.82000732421875
2021-07-27,Goldman Sachs,875.0,214.92666625976562,2022-07-27,274.82000732421875
2021-07-27,Canaccord Genuity,768.0,214.92666625976562,2022-07-27,274.82000732421875
2021-07-27,Baird,764.0,214.92666625976562,2022-07-27,274.82000732421875
2021-07-29,DZ Bank,750.0,225.78334045410156,2022-07-29,297.1499938964844
2021-08-02,KGI Securities,855.0,236.55667114257812,2022-08-02,300.586669921875
2021-08-09,Jefferies,850.0,237.9199981689453,2022-08-09,283.3333435058594
2021-08-12,UBS,725.0,240.75,2022-08-12,300.0299987792969
2021-08-17,Bernstein,300.0,221.90333557128906,2022-08-17,303.9966735839844
2021-08-19,Morgan Stanley,900.0,224.49000549316406,2022-08-19,296.6666564941406
2021-09-23,Tudor Pickering,537.0,251.2133331298828,2022-09-23,275.3299865722656
2021-10-04,RBC Capital,755.0,260.510009765625,2022-10-04,249.44000244140625
2021-10-04,Baird,764.0,260.510009765625,2022-10-04,249.44000244140625
2021-10-08,Canaccord Genuity,940.0,261.8299865722656,2022-10-10,222.9600067138672
2021-10-14,Barclays,300.0,272.7733459472656,2022-10-14,204.99000549316406
2021-10-15,Jefferies,950.0,281.010009765625,2022-10-17,219.35000610351562
2021-10-18,B of A Securities,900.0,290.03668212890625,2022-10-18,220.19000244140625
2021-10-19,Morgan Stanley,900.0,288.0899963378906,2022-10-19,222.0399932861328
2021-10-21,Baird,888.0,298.0,2022-10-21,214.44000244140625
2021-10-21,Mizuho,950.0,298.0,2022-10-21,214.44000244140625
2021-10-21,Canaccord Genuity,1040.0,298.0,2022-10-21,214.44000244140625
2021-10-21,Wells Fargo,860.0,298.0,2022-10-21,214.44000244140625
2021-10-21,RBC Capital,800.0,298.0,2022-10-21,214.44000244140625
2021-10-21,Wedbush,1100.0,298.0,2022-10-21,214.44000244140625
2021-10-21,Roth Capital,250.0,298.0,2022-10-21,214.44000244140625
2021-10-21,Credit Suisse,830.0,298.0,2022-10-21,214.44000244140625
2021-10-27,Goldman Sachs,1125.0,345.9533386230469,2022-10-27,225.08999633789062
2021-10-28,Piper Sandler,1300.0,359.0133361816406,2022-10-28,228.52000427246094
2021-11-08,Jefferies,1400.0,387.64666748046875,2022-11-08,191.3000030517578
2021-11-17,Exane BNP Paribas,780.0,363.0033264160156,2022-11-17,183.1699981689453
2021-11-19,Wedbush,1400.0,379.0199890136719,2022-11-21,167.8699951171875
2021-12-07,UBS,1000.0,350.5833435058594,2022-12-07,174.0399932861328
2021-12-08,New Street Research,1580.0,356.32000732421875,2022-12-08,173.44000244140625
2021-12-14,Daiwa Capital,1050.0,319.5033264160156,2022-12-14,156.8000030517578
2021-12-22,Baird,888.0,336.2900085449219,2022-12-22,125.3499984741211
2021-12-28,Argus Research,1313.0,362.8233337402344,2022-12-28,112.70999908447266
2021-12-31,Deutsche Bank,1200.0,352.260009765625,2023-01-03,108.0999984741211
2022-01-02,Jefferies,1400.0,399.9266662597656,2023-01-03,108.0999984741211
2022-01-02,Goldman Sachs,1125.0,399.9266662597656,2023-01-03,108.0999984741211
2022-01-03,Morgan Stanley,1200.0,399.9266662597656,2023-01-03,108.0999984741211
2022-01-03,CFRA,1250.0,399.9266662597656,2023-01-03,108.0999984741211
2022-01-03,JP Morgan,295.0,399.9266662597656,2023-01-03,108.0999984741211
2022-01-03,RBC Capital,1005.0,399.9266662597656,2023-01-03,108.0999984741211
2022-01-03,Deutsche Bank,1200.0,399.9266662597656,2023-01-03,108.0999984741211
2022-01-05,Mizuho,1300.0,362.7066650390625,2023-01-05,110.33999633789062
2022-01-05,Daiwa Capital,1150.0,362.7066650390625,2023-01-05,110.33999633789062
2022-01-05,Barclays,325.0,362.7066650390625,2023-01-05,110.33999633789062
2022-01-05,Evercore ISI Group,900.0,362.7066650390625,2023-01-05,110.33999633789062
2022-01-18,Credit Suisse,1025.0,343.5033264160156,2023-01-18,128.77999877929688
2022-01-26,Jefferies,1400.0,312.4700012207031,2023-01-26,160.27000427246094
2022-01-26,CFRA,1300.0,312.4700012207031,2023-01-26,160.27000427246094
2022-01-26,Goldman Sachs,1200.0,312.4700012207031,2023-01-26,160.27000427246094
2022-01-27,Baird,1108.0,276.3666687011719,2023-01-27,177.89999389648438
2022-01-27,Oppenheimer,1103.0,276.3666687011719,2023-01-27,177.89999389648438
2022-01-27,Citigroup,313.0,276.3666687011719,2023-01-27,177.89999389648438
2022-01-27,JP Morgan,325.0,276.3666687011719,2023-01-27,177.89999389648438
2022-01-27,Wells Fargo,910.0,276.3666687011719,2023-01-27,177.89999389648438
2022-01-31,Credit Suisse,1025.0,312.239990234375,2023-01-31,173.22000122070312
2022-02-14,Piper Sandler,1350.0,291.9200134277344,2023-02-14,209.25
2022-02-25,Daiwa Capital,900.0,269.9566650390625,2023-02-27,207.6300048828125
2022-03-20,Jefferies,1250.0,307.0533447265625,2023-03-20,183.25
2022-04-04,JP Morgan,335.0,381.8166809082031,2023-04-04,192.5800018310547
2022-04-04,UBS,1100.0,381.8166809082031,2023-04-04,192.5800018310547
2022-04-04,Cowen & Co.,790.0,381.8166809082031,2023-04-04,192.5800018310547
2022-04-18,Piper Sandler,1260.0,334.7633361816406,2023-04-18,184.30999755859375
2022-04-19,Credit Suisse,1125.0,342.7166748046875,2023-04-19,180.58999633789062
2022-04-21,CFRA,1350.0,336.260009765625,2023-04-21,165.0800018310547
2022-04-21,Oppenheimer,1291.0,336.260009765625,2023-04-21,165.0800018310547
2022-04-21,Wells Fargo,960.0,336.260009765625,2023-04-21,165.0800018310547
2022-04-21,JP Morgan,395.0,336.260009765625,2023-04-21,165.0800018310547
2022-04-21,RBC Capital,1175.0,336.260009765625,2023-04-21,165.0800018310547
2022-04-21,Citigroup,375.0,336.260009765625,2023-04-21,165.0800018310547
2022-04-22,Bernstein,450.0,335.01666259765625,2023-04-24,162.5500030517578
2022-04-22,Deutsche Bank,1250.0,335.01666259765625,2023-04-24,162.5500030517578
2022-04-22,Evercore ISI Group,900.0,335.01666259765625,2023-04-24,162.5500030517578
2022-05-10,Berenberg,900.0,266.67999267578125,2023-05-10,168.5399932861328
2022-05-12,Wells Fargo,900.0,242.6666717529297,2023-05-12,167.97999572753906
2022-05-18,Piper Sandler,1035.0,236.60333251953125,2023-05-18,176.88999938964844
2022-05-19,Wedbush,1000.0,236.47332763671875,2023-05-19,180.13999938964844
2022-05-24,Daiwa Capital,800.0,209.3866729736328,2023-05-24,182.89999389648438
2022-05-26,Jefferies,1050.0,235.91000366210938,2023-05-26,193.1699981689453
2022-06-01,Goldman Sachs,1000.0,246.7899932861328,2023-06-01,207.52000427246094
2022-06-02,Bernstein,450.0,258.3333435058594,2023-06-02,213.97000122070312
2022-06-03,Cowen & Co.,700.0,234.51666259765625,2023-06-05,217.61000061035156
2022-06-03,CFRA,1200.0,234.51666259765625,2023-06-05,217.61000061035156
2022-06-09,UBS,1100.0,239.7066650390625,2023-06-09,244.39999389648438
2022-06-10,Barclays,370.0,232.22999572753906,2023-06-12,249.8300018310547
2022-06-13,RBC Capital,1100.0,215.73666381835938,2023-06-13,258.7099914550781
2022-06-24,Credit Suisse,1000.0,245.7066650390625,2023-06-26,241.0500030517578
2022-06-27,Mizuho,1150.0,244.9199981689453,2023-06-27,250.2100067138672
2022-06-28,Deutsche Bank,1125.0,232.663330078125,2023-06-28,256.239990234375
2022-07-03,Goldman Sachs,1000.0,233.06666564941406,2023-07-03,279.82000732421875
2022-07-05,JP Morgan,385.0,233.06666564941406,2023-07-05,282.4800109863281
2022-07-05,CFRA,1100.0,233.06666564941406,2023-07-05,282.4800109863281
2022-07-06,UBS,1100.0,231.73333740234375,2023-07-06,276.5400085449219
2022-07-11,CFRA,1100.0,234.3433380126953,2023-07-11,269.7900085449219
2022-07-11,Wells Fargo,820.0,234.3433380126953,2023-07-11,269.7900085449219
2022-07-13,Piper Sandler,1035.0,237.0399932861328,2023-07-13,277.8999938964844
2022-07-14,Truist Securities,1000.0,238.31333923339844,2023-07-14,281.3800048828125
2022-07-14,Morgan Stanley,1150.0,238.31333923339844,2023-07-14,281.3800048828125
2022-07-18,Barclays,380.0,240.54666137695312,2023-07-18,293.3399963378906
2022-07-19,GLJ Research,73.0,245.52999877929688,2023-07-19,291.260009765625
2022-07-20,Goldman Sachs,1000.0,247.5,2023-07-20,262.8999938964844
2022-07-21,Canaccord Genuity,815.0,271.7066650390625,2023-07-21,260.0199890136719
2022-07-21,Cowen & Co.,733.0,271.7066650390625,2023-07-21,260.0199890136719
2022-07-21,Wells Fargo,830.0,271.7066650390625,2023-07-21,260.0199890136719
2022-07-21,Baird,949.0,271.7066650390625,2023-07-21,260.0199890136719
2022-07-21,Berenberg,850.0,271.7066650390625,2023-07-21,260.0199890136719
2022-07-21,Mizuho,1175.0,271.7066650390625,2023-07-21,260.0199890136719
2022-07-21,UBS,1100.0,271.7066650390625,2023-07-21,260.0199890136719
2022-07-21,B of A Securities,950.0,271.7066650390625,2023-07-21,260.0199890136719
2022-07-22,Argus Research,1123.0,272.24334716796875,2023-07-24,269.05999755859375
2022-08-02,Citigroup,424.0,300.586669921875,2023-08-02,254.11000061035156
2022-08-18,CFRA,1245.0,302.8699951171875,2023-08-18,215.49000549316406
2022-08-25,Berenberg,290.0,296.07000732421875,2023-08-25,238.58999633789062
2022-08-25,Morgan Stanley,383.33,296.07000732421875,2023-08-25,238.58999633789062
2022-08-25,Wedbush,360.0,296.07000732421875,2023-08-25,238.58999633789062
2022-08-26,Morgan Stanley,383.0,288.0899963378906,2023-08-28,238.82000732421875
2022-08-26,Jefferies,350.0,288.0899963378906,2023-08-28,238.82000732421875
2022-08-28,Berenberg,290.0,284.82000732421875,2023-08-28,238.82000732421875
2022-08-29,Deutsche Bank,375.0,284.82000732421875,2023-08-29,257.17999267578125
2022-09-01,Piper Sandler,360.0,277.1600036621094,2023-09-01,245.00999450683594
2022-09-06,Wolfe Research,360.0,274.4200134277344,2023-09-06,251.9199981689453
2022-09-07,UBS,367.0,283.70001220703125,2023-09-07,251.49000549316406
2022-09-16,Deutsche Bank,400.0,303.3500061035156,2023-09-18,265.2799987792969
2022-09-27,Baird,316.0,282.94000244140625,2023-09-27,240.5
2022-09-29,Piper Sandler,340.0,268.2099914550781,2023-09-29,250.22000122070312
2022-10-02,CFRA,400.0,242.39999389648438,2023-10-02,251.60000610351562
2022-10-03,UBS,367.0,242.39999389648438,2023-10-03,246.52999877929688
2022-10-03,Truist Securities,348.0,242.39999389648438,2023-10-03,246.52999877929688
2022-10-04,Goldman Sachs,333.0,249.44000244140625,2023-10-04,261.1600036621094
2022-10-06,Mizuho,370.0,238.1300048828125,2023-10-06,260.5299987792969
2022-10-10,Morgan Stanley,350.0,222.9600067138672,2023-10-10,263.6199951171875
2022-10-13,Evercore ISI Group,300.0,221.72000122070312,2023-10-13,251.1199951171875
2022-10-14,Wells Fargo,230.0,204.99000549316406,2023-10-16,253.9199981689453
2022-10-20,Goldman Sachs,305.0,207.27999877929688,2023-10-20,211.99000549316406
2022-10-20,Mizuho,330.0,207.27999877929688,2023-10-20,211.99000549316406
2022-10-20,B of A Securities,325.0,207.27999877929688,2023-10-20,211.99000549316406
2022-10-20,Wedbush,300.0,207.27999877929688,2023-10-20,211.99000549316406
2022-10-20,UBS,350.0,207.27999877929688,2023-10-20,211.99000549316406
2022-10-20,Deutsche Bank,355.0,207.27999877929688,2023-10-20,211.99000549316406
2022-10-20,RBC Capital,325.0,207.27999877929688,2023-10-20,211.99000549316406
2022-10-25,Morgan Stanley,330.0,222.4199981689453,2023-10-25,212.4199981689453
2022-10-25,Berenberg,255.0,222.4199981689453,2023-10-25,212.4199981689453
2022-11-09,Roth MKM,85.0,177.58999633789062,2023-11-09,209.97999572753906
2022-11-14,B of A Securities,275.0,190.9499969482422,2023-11-14,237.41000366210938
2022-11-23,Citigroup,176.0,183.1999969482422,2023-11-24,235.4499969482422
2022-12-02,CFRA,300.0,194.86000061035156,2023-12-04,235.5800018310547
2022-12-14,Goldman Sachs,235.0,156.8000030517578,2023-12-14,251.0500030517578
2022-12-15,RBC Capital,225.0,157.6699981689453,2023-12-15,253.5
2022-12-15,Wedbush,250.0,157.6699981689453,2023-12-15,253.5
2022-12-15,CFRA,225.0,157.6699981689453,2023-12-15,253.5
2022-12-20,Evercore ISI Group,200.0,137.8000030517578,2023-12-20,247.13999938964844
2022-12-20,Mizuho,285.0,137.8000030517578,2023-12-20,247.13999938964844
2022-12-20,Daiwa Capital,177.0,137.8000030517578,2023-12-20,247.13999938964844
2022-12-21,Deutsche Bank,270.0,137.57000732421875,2023-12-21,254.5
2022-12-22,Canaccord Genuity,275.0,125.3499984741211,2023-12-22,252.5399932861328
2022-12-23,Wedbush,175.0,123.1500015258789,2023-12-26,256.6099853515625
2022-12-28,Baird,252.0,112.70999908447266,2023-12-28,253.17999267578125
2022-12-29,Morgan Stanley,250.0,121.81999969482422,2023-12-29,248.47999572753906
2023-01-03,Goldman Sachs,205.0,108.0999984741211,2024-01-03,238.4499969482422
2023-01-03,RBC Capital,186.0,108.0999984741211,2024-01-03,238.4499969482422
2023-01-03,Truist Securities,299.0,108.0999984741211,2024-01-03,238.4499969482422
2023-01-05,Mizuho,250.0,110.33999633789062,2024-01-05,237.49000549316406
2023-01-13,Evercore ISI Group,140.0,122.4000015258789,2024-01-16,219.91000366210938
2023-01-13,CFRA,210.0,122.4000015258789,2024-01-16,219.91000366210938
2023-01-13,Citigroup,140.0,122.4000015258789,2024-01-16,219.91000366210938
2023-01-13,Wells Fargo,130.0,122.4000015258789,2024-01-16,219.91000366210938
2023-01-13,Deutsche Bank,250.0,122.4000015258789,2024-01-16,219.91000366210938
2023-01-17,Jefferies,180.0,131.49000549316406,2024-01-17,215.5500030517578
2023-01-17,B of A Securities,130.0,131.49000549316406,2024-01-17,215.5500030517578
2023-01-19,Piper Sandler,300.0,127.16999816894531,2024-01-19,212.19000244140625
2023-01-19,Deutsche Bank,220.0,127.16999816894531,2024-01-19,212.19000244140625
2023-01-23,UBS,220.0,143.75,2024-01-23,209.13999938964844
2023-01-23,Truist Securities,245.0,143.75,2024-01-23,209.13999938964844
2023-01-25,JP Morgan,120.0,144.42999267578125,2024-01-25,182.6300048828125
2023-01-25,Morgan Stanley,220.0,144.42999267578125,2024-01-25,182.6300048828125
2023-01-26,Goldman Sachs,200.0,160.27000427246094,2024-01-26,183.25
2023-01-26,Baird,252.0,160.27000427246094,2024-01-26,183.25
2023-01-26,Wedbush,200.0,160.27000427246094,2024-01-26,183.25
2023-01-26,Evercore ISI Group,140.0,160.27000427246094,2024-01-26,183.25
2023-01-26,Wells Fargo,150.0,160.27000427246094,2024-01-26,183.25
2023-01-26,Wolfe Research,185.0,160.27000427246094,2024-01-26,183.25
2023-01-26,B of A Securities,155.0,160.27000427246094,2024-01-26,183.25
2023-01-26,Citigroup,146.0,160.27000427246094,2024-01-26,183.25
2023-01-26,Cowen & Co.,140.0,160.27000427246094,2024-01-26,183.25
2023-01-30,Berenberg,200.0,166.66000366210938,2024-01-30,191.58999633789062
2023-02-02,Morgan Stanley,220.0,188.27000427246094,2024-02-02,187.91000366210938
2023-02-03,Deutsche Bank,220.0,189.97999572753906,2024-02-05,181.05999755859375
2023-02-06,Wedbush,225.0,194.75999450683594,2024-02-06,185.10000610351562
2023-02-06,RBC Capital,223.0,194.75999450683594,2024-02-06,185.10000610351562
2023-02-09,CFRA,250.0,207.32000732421875,2024-02-09,193.57000732421875
2023-02-10,Evercore ISI Group,165.0,196.88999938964844,2024-02-12,188.1300048828125
2023-02-15,Barclays,275.0,214.24000549316406,2024-02-15,200.4499969482422
2023-02-23,Deutsche Bank,250.0,202.07000732421875,2024-02-23,191.97000122070312
2023-02-24,Baird,252.0,196.8800048828125,2024-02-26,199.39999389648438
2023-02-24,Wells Fargo,190.0,196.8800048828125,2024-02-26,199.39999389648438
2023-03-02,Wedbush,225.0,190.89999389648438,2024-03-01,202.63999938964844
2023-03-02,B of A Securities,225.0,190.89999389648438,2024-03-01,202.63999938964844
2023-03-03,Daiwa Capital,218.0,197.7899932861328,2024-03-04,188.13999938964844
2023-03-03,KGI Securities,196.0,197.7899932861328,2024-03-04,188.13999938964844
2023-03-06,Jefferies,230.0,193.80999755859375,2024-03-05,180.74000549316406
2023-03-08,Berenberg,210.0,182.0,2024-03-07,178.64999389648438
2023-03-27,Barclays,275.0,191.80999755859375,2024-03-26,177.6699981689453
2023-03-27,Citigroup,192.0,191.80999755859375,2024-03-26,177.6699981689453
2023-03-27,Morgan Stanley,220.0,191.80999755859375,2024-03-26,177.6699981689453
2023-03-29,Wedbush,225.0,193.8800048828125,2024-03-28,175.7899932861328
2023-03-29,Baird,252.0,193.8800048828125,2024-03-28,175.7899932861328
2023-04-03,TD Cowen,170.0,194.77000427246094,2024-04-02,166.6300048828125
2023-04-03,Deutsche Bank,250.0,194.77000427246094,2024-04-02,166.6300048828125
2023-04-03,Guggenheim,150.0,194.77000427246094,2024-04-02,166.6300048828125
2023-04-03,Goldman Sachs,225.0,194.77000427246094,2024-04-02,166.6300048828125
2023-04-04,B of A Securities,225.0,192.5800018310547,2024-04-03,168.3800048828125
2023-04-10,Morgan Stanley,220.0,184.50999450683594,2024-04-09,176.8800048828125
2023-04-11,Baird,252.0,186.7899932861328,2024-04-10,171.75999450683594
2023-04-17,Wedbush,225.0,187.0399932861328,2024-04-16,157.11000061035156
2023-04-17,Barclays,230.0,187.0399932861328,2024-04-16,157.11000061035156
2023-04-19,RBC Capital,217.0,180.58999633789062,2024-04-18,149.92999267578125
2023-04-20,Deutsche Bank,200.0,162.99000549316406,2024-04-19,147.0500030517578
2023-04-20,TD Cowen,150.0,162.99000549316406,2024-04-19,147.0500030517578
2023-04-20,B of A Securities,225.0,162.99000549316406,2024-04-19,147.0500030517578
2023-04-20,Wells Fargo,170.0,162.99000549316406,2024-04-19,147.0500030517578
2023-04-20,RBC Capital,212.0,162.99000549316406,2024-04-19,147.0500030517578
2023-04-20,Canaccord Genuity,257.0,162.99000549316406,2024-04-19,147.0500030517578
2023-04-20,Citigroup,175.0,162.99000549316406,2024-04-19,147.0500030517578
2023-04-20,Wedbush,215.0,162.99000549316406,2024-04-19,147.0500030517578
2023-04-20,JP Morgan,115.0,162.99000549316406,2024-04-19,147.0500030517578
2023-04-20,Mizuho,230.0,162.99000549316406,2024-04-19,147.0500030517578
2023-04-21,Barclays,220.0,165.0800018310547,2024-04-22,142.0500030517578
2023-04-21,Truist Securities,154.0,165.0800018310547,2024-04-22,142.0500030517578
2023-04-21,Goldman Sachs,185.0,165.0800018310547,2024-04-22,142.0500030517578
2023-04-26,Jefferies,185.0,153.75,2024-04-25,170.17999267578125
2023-04-28,Morgan Stanley,200.0,164.30999755859375,2024-04-29,194.0500030517578
2023-05-02,Piper Sandler,280.0,160.30999755859375,2024-05-01,179.99000549316406
2023-05-12,Wedbush,215.0,167.97999572753906,2024-05-13,171.88999938964844
2023-05-17,CFRA,250.0,173.86000061035156,2024-05-16,174.83999633789062
2023-06-05,Citigroup,215.0,217.61000061035156,2024-06-04,174.77000427246094
2023-06-06,Piper Sandler,280.0,221.30999755859375,2024-06-05,175.0
2023-06-06,Barclays,220.0,221.30999755859375,2024-06-05,175.0
2023-06-09,CFRA,300.0,244.39999389648438,2024-06-10,173.7899932861328
2023-06-09,Wedbush,300.0,244.39999389648438,2024-06-10,173.7899932861328
2023-06-12,KGI Securities,335.0,249.8300018310547,2024-06-11,170.66000366210938
2023-06-15,Wedbush,300.0,255.89999389648438,2024-06-14,178.00999450683594
2023-06-15,RBC Capital,305.0,255.89999389648438,2024-06-14,178.00999450683594
2023-06-21,Barclays,260.0,259.4599914550781,2024-06-20,181.57000732421875
2023-06-22,Morgan Stanley,250.0,264.6099853515625,2024-06-21,183.00999450683594
2023-06-23,Morgan Stanley,250.0,256.6000061035156,2024-06-24,182.5800018310547
2023-06-23,DZ Bank,210.0,256.6000061035156,2024-06-24,182.5800018310547
2023-06-26,Goldman Sachs,248.0,241.0500030517578,2024-06-25,187.35000610351562
2023-06-26,Guggenheim,112.0,241.0500030517578,2024-06-25,187.35000610351562
2023-06-26,Deutsche Bank,230.0,241.0500030517578,2024-06-25,187.35000610351562
2023-07-03,Wedbush,300.0,279.82000732421875,2024-07-02,231.25999450683594
2023-07-03,Citigroup,215.0,279.82000732421875,2024-07-02,231.25999450683594
2023-07-03,Truist Securities,240.0,279.82000732421875,2024-07-02,231.25999450683594
2023-07-03,JP Morgan,120.0,279.82000732421875,2024-07-02,231.25999450683594
2023-07-03,Deutsche Bank,270.0,279.82000732421875,2024-07-02,231.25999450683594
2023-07-03,Piper Sandler,305.0,279.82000732421875,2024-07-02,231.25999450683594
2023-07-03,Canaccord Genuity,293.0,279.82000732421875,2024-07-02,231.25999450683594
2023-07-03,Goldman Sachs,275.0,279.82000732421875,2024-07-02,231.25999450683594
2023-07-05,Morgan Stanley,250.0,282.4800109863281,2024-07-05,251.52000427246094
2023-07-06,CFRA,310.0,276.5400085449219,2024-07-05,251.52000427246094
2023-07-06,B of A Securities,300.0,276.5400085449219,2024-07-05,251.52000427246094
2023-07-07,Mizuho,300.0,274.42999267578125,2024-07-08,252.94000244140625
2023-07-12,Citigroup,278.0,271.989990234375,2024-07-11,241.02999877929688
2023-07-17,Wedbush,300.0,290.3800048828125,2024-07-16,256.55999755859375
2023-07-17,Morgan Stanley,250.0,290.3800048828125,2024-07-16,256.55999755859375
2023-07-17,Wells Fargo,265.0,290.3800048828125,2024-07-16,256.55999755859375
2023-07-19,CFRA,325.0,291.260009765625,2024-07-18,249.22999572753906
2023-07-20,JP Morgan,120.0,262.8999938964844,2024-07-19,239.1999969482422
2023-07-20,TD Cowen,200.0,262.8999938964844,2024-07-19,239.1999969482422
2023-07-20,Jefferies,265.0,262.8999938964844,2024-07-19,239.1999969482422
2023-07-20,Truist Securities,254.0,262.8999938964844,2024-07-19,239.1999969482422
2023-07-20,Baird,300.0,262.8999938964844,2024-07-19,239.1999969482422
2023-07-20,Wedbush,350.0,262.8999938964844,2024-07-19,239.1999969482422
2023-07-20,Wells Fargo,265.0,262.8999938964844,2024-07-19,239.1999969482422
2023-07-20,Bernstein,150.0,262.8999938964844,2024-07-19,239.1999969482422
2023-07-20,Barclays,260.0,262.8999938964844,2024-07-19,239.1999969482422
2023-07-20,Guggenheim,125.0,262.8999938964844,2024-07-19,239.1999969482422
2023-07-20,Mizuho,330.0,262.8999938964844,2024-07-19,239.1999969482422
2023-07-21,Morgan Stanley,250.0,260.0199890136719,2024-07-22,251.50999450683594
2023-07-24,UBS,270.0,269.05999755859375,2024-07-23,246.3800048828125
2023-07-24,Baird,300.0,269.05999755859375,2024-07-23,246.3800048828125
2023-07-25,Morgan Stanley,250.0,265.2799987792969,2024-07-24,215.99000549316406
2023-08-07,Bernstein,150.0,251.4499969482422,2024-08-06,200.63999938964844
2023-08-30,Guggenheim,125.0,256.8999938964844,2024-08-29,206.27999877929688
2023-09-06,Deutsche Bank,300.0,251.9199981689453,2024-09-05,230.1699981689453
2023-09-11,Morgan Stanley,400.0,273.5799865722656,2024-09-10,226.1699981689453
2023-09-12,RBC Capital,305.0,267.4800109863281,2024-09-11,228.1300048828125
2023-09-15,Piper Sandler,300.0,274.3900146484375,2024-09-16,226.77999877929688
2023-09-18,Guggenheim,125.0,265.2799987792969,2024-09-17,227.8699951171875
2023-09-18,Goldman Sachs,275.0,265.2799987792969,2024-09-17,227.8699951171875
2023-09-22,Barclays,260.0,244.8800048828125,2024-09-23,250.0
2023-09-26,RBC Capital,305.0,244.1199951171875,2024-09-25,257.0199890136719
2023-09-27,Deutsche Bank,285.0,240.5,2024-09-26,254.22000122070312
2023-09-28,Morgan Stanley,400.0,246.3800048828125,2024-09-27,260.4599914550781
2023-09-29,Canaccord Genuity,293.0,250.22000122070312,2024-09-30,261.6300048828125
2023-09-29,Piper Sandler,300.0,250.22000122070312,2024-09-30,261.6300048828125
2023-09-29,Barclays,278.0,250.22000122070312,2024-09-30,261.6300048828125
2023-10-02,Truist Securities,243.0,251.60000610351562,2024-10-01,258.0199890136719
2023-10-02,RBC Capital,305.0,251.60000610351562,2024-10-01,258.0199890136719
2023-10-02,CFRA,310.0,251.60000610351562,2024-10-01,258.0199890136719
2023-10-03,JP Morgan,135.0,246.52999877929688,2024-10-02,249.02000427246094
2023-10-09,Jefferies,250.0,259.6700134277344,2024-10-08,244.5
2023-10-09,Evercore ISI Group,165.0,259.6700134277344,2024-10-08,244.5
2023-10-09,Wells Fargo,260.0,259.6700134277344,2024-10-08,244.5
2023-10-10,UBS,266.0,263.6199951171875,2024-10-09,241.0500030517578
2023-10-11,Citigroup,271.0,262.989990234375,2024-10-10,238.77000427246094
2023-10-16,Wedbush,350.0,253.9199981689453,2024-10-15,219.57000732421875
2023-10-16,Piper Sandler,290.0,253.9199981689453,2024-10-15,219.57000732421875
2023-10-18,Baird,300.0,242.67999267578125,2024-10-17,220.88999938964844
2023-10-19,JP Morgan,135.0,220.11000061035156,2024-10-18,220.6999969482422
2023-10-19,Goldman Sachs,235.0,220.11000061035156,2024-10-18,220.6999969482422
2023-10-19,Truist Securities,226.0,220.11000061035156,2024-10-18,220.6999969482422
2023-10-19,Guggenheim,125.0,220.11000061035156,2024-10-18,220.6999969482422
2023-10-19,Roth MKM,85.0,220.11000061035156,2024-10-18,220.6999969482422
2023-10-19,Citigroup,255.0,220.11000061035156,2024-10-18,220.6999969482422
2023-10-19,Morgan Stanley,380.0,220.11000061035156,2024-10-18,220.6999969482422
2023-10-19,Deutsche Bank,275.0,220.11000061035156,2024-10-18,220.6999969482422
2023-10-19,Mizuho,310.0,220.11000061035156,2024-10-18,220.6999969482422
2023-10-19,Wedbush,310.0,220.11000061035156,2024-10-18,220.6999969482422
2023-10-19,B of A Securities,290.0,220.11000061035156,2024-10-18,220.6999969482422
2023-10-19,Wells Fargo,250.0,220.11000061035156,2024-10-18,220.6999969482422
2023-11-09,HSBC,146.0,209.97999572753906,2024-11-08,321.2200012207031
2023-11-14,Deutsche Bank,275.0,237.41000366210938,2024-11-13,330.239990234375
2023-11-14,Goldman Sachs,235.0,237.41000366210938,2024-11-13,330.239990234375
2023-11-14,Morgan Stanley,380.0,237.41000366210938,2024-11-13,330.239990234375
2023-11-19,Piper Sandler,295.0,235.60000610351562,2024-11-18,338.739990234375
2023-11-20,Jefferies,210.0,235.60000610351562,2024-11-19,346.0
2023-11-28,Wedbush,310.0,246.72000122070312,2024-11-27,332.8900146484375
2023-11-30,Truist Securities,226.0,240.0800018310547,2024-11-29,345.1600036621094
2023-11-30,Morgan Stanley,380.0,240.0800018310547,2024-11-29,345.1600036621094
2023-12-01,CFRA,300.0,238.8300018310547,2024-12-02,357.0899963378906
2023-12-01,Goldman Sachs,235.0,238.8300018310547,2024-12-02,357.0899963378906
2023-12-01,Wedbush,310.0,238.8300018310547,2024-12-02,357.0899963378906
2023-12-01,RBC Capital,301.0,238.8300018310547,2024-12-02,357.0899963378906
2023-12-14,Deutsche Bank,260.0,251.0500030517578,2024-12-13,436.2300109863281
2023-12-15,Guggenheim,132.0,253.5,2024-12-16,463.0199890136719
2023-12-18,RBC Capital,300.0,252.0800018310547,2024-12-17,479.8599853515625
2023-12-22,Wedbush,350.0,252.5399932861328,2024-12-23,430.6000061035156
2023-12-22,RBC Capital,300.0,252.5399932861328,2024-12-23,430.6000061035156
2023-12-27,Morgan Stanley,380.0,261.44000244140625,2024-12-26,454.1300048828125
2024-01-16,Wedbush,350.0,219.91000366210938,2025-01-15,428.2200012207031
2024-01-18,Barclays,250.0,211.8800048828125,2025-01-17,426.5
2024-01-22,Morgan Stanley,345.0,208.8000030517578,2025-01-21,424.07000732421875
2024-01-23,Wedbush,350.0,209.13999938964844,2025-01-22,415.1099853515625
2024-01-24,Redburn Atlantic,170.0,207.8300018310547,2025-01-23,412.3800048828125
2024-01-25,KGI Securities,213.0,182.6300048828125,2025-01-24,406.5799865722656
2024-01-25,Goldman Sachs,220.0,182.6300048828125,2025-01-24,406.5799865722656
2024-01-25,Barclays,225.0,182.6300048828125,2025-01-24,406.5799865722656
2024-01-25,Truist Securities,193.0,182.6300048828125,2025-01-24,406.5799865722656
2024-01-25,RBC Capital,297.0,182.6300048828125,2025-01-24,406.5799865722656
2024-01-25,Mizuho,270.0,182.6300048828125,2025-01-24,406.5799865722656
2024-01-25,Wedbush,315.0,182.6300048828125,2025-01-24,406.5799865722656
2024-01-25,Baird,300.0,182.6300048828125,2025-01-24,406.5799865722656
2024-01-25,UBS,225.0,182.6300048828125,2025-01-24,406.5799865722656
2024-01-26,JP Morgan,130.0,183.25,2025-01-27,397.1499938964844
2024-01-26,Deutsche Bank,250.0,183.25,2025-01-27,397.1499938964844
2024-01-26,Goldman Sachs,220.0,183.25,2025-01-27,397.1499938964844
2024-01-26,Citigroup,224.0,183.25,2025-01-27,397.1499938964844
2024-01-30,Baird,300.0,191.58999633789062,2025-01-29,389.1000061035156
2024-01-31,Wedbush,315.0,187.2899932861328,2025-01-30,400.2799987792969
2024-02-05,Piper Sandler,225.0,181.05999755859375,2025-02-04,392.2099914550781
2024-02-06,Daiwa Capital,195.0,185.10000610351562,2025-02-05,378.1700134277344
2024-02-29,RBC Capital,297.0,201.8800048828125,2025-02-28,292.9800109863281
2024-03-05,RBC Capital,298.0,180.74000549316406,2025-03-05,279.1000061035156
2024-03-06,Morgan Stanley,320.0,176.5399932861328,2025-03-06,263.45001220703125
2024-03-11,Deutsche Bank,218.0,177.77000427246094,2025-03-11,230.5800018310547
2024-03-13,Wells Fargo,125.0,169.47999572753906,2025-03-13,240.67999267578125
2024-03-13,Wedbush,315.0,169.47999572753906,2025-03-13,240.67999267578125
2024-03-13,UBS,165.0,169.47999572753906,2025-03-13,240.67999267578125
2024-03-14,UBS,165.0,162.5,2025-03-14,249.97999572753906
2024-03-18,Goldman Sachs,190.0,173.8000030517578,2025-03-18,225.30999755859375
2024-03-25,Mizuho,195.0,172.6300048828125,2025-03-25,288.1400146484375
2024-03-26,Bernstein,120.0,177.6699981689453,2025-03-26,272.05999755859375
2024-03-27,RBC Capital,298.0,179.8300018310547,2025-03-27,273.1300048828125
2024-03-27,Citigroup,196.0,179.8300018310547,2025-03-27,273.1300048828125
2024-03-28,Deutsche Bank,200.0,175.7899932861328,2025-03-28,263.54998779296875
2024-03-28,Wedbush,300.0,175.7899932861328,2025-03-28,263.54998779296875
2024-04-01,Wells Fargo,125.0,175.22000122070312,2025-04-01,268.4599914550781
2024-04-02,Baird,280.0,166.6300048828125,2025-04-02,282.760009765625
2024-04-02,Deutsche Bank,200.0,166.6300048828125,2025-04-02,282.760009765625
2024-04-03,HSBC,138.0,168.3800048828125,2025-04-03,267.2799987792969
2024-04-03,JP Morgan,115.0,168.3800048828125,2025-04-03,267.2799987792969
2024-04-03,Truist Securities,176.0,168.3800048828125,2025-04-03,267.2799987792969
2024-04-03,Baird,280.0,168.3800048828125,2025-04-03,267.2799987792969
2024-04-03,Deutsche Bank,189.0,168.3800048828125,2025-04-03,267.2799987792969
2024-04-04,Morgan Stanley,310.0,171.11000061035156,2025-04-04,239.42999267578125
2024-04-08,Deutsche Bank,189.0,172.97999572753906,2025-04-08,221.86000061035156
2024-04-09,Goldman Sachs,175.0,176.8800048828125,2025-04-09,272.20001220703125
2024-04-09,Morgan Stanley,310.0,176.8800048828125,2025-04-09,272.20001220703125
2024-04-10,Jefferies,165.0,171.75999450683594,2025-04-10,252.39999389648438
2024-04-10,Piper Sandler,205.0,171.75999450683594,2025-04-10,252.39999389648438
2024-04-12,Citigroup,180.0,171.0500030517578,2025-04-14,252.35000610351562
2024-04-12,Wells Fargo,120.0,171.0500030517578,2025-04-14,252.35000610351562
2024-04-16,GLJ Research,22.86,157.11000061035156,2025-04-16,241.5500030517578
2024-04-17,Barclays,180.0,155.4499969482422,2025-04-17,241.3699951171875
2024-04-17,Baird,280.0,155.4499969482422,2025-04-17,241.3699951171875
2024-04-18,Deutsche Bank,123.0,149.92999267578125,2025-04-21,227.5
2024-04-19,Wedbush,300.0,147.0500030517578,2025-04-21,227.5
2024-04-22,Piper Sandler,205.0,142.0500030517578,2025-04-22,237.97000122070312
2024-04-23,Guggenheim,122.0,144.67999267578125,2025-04-23,250.74000549316406
2024-04-24,HSBC,120.0,162.1300048828125,2025-04-24,259.510009765625
2024-04-24,Citigroup,182.0,162.1300048828125,2025-04-24,259.510009765625
2024-04-24,Guggenheim,126.0,162.1300048828125,2025-04-24,259.510009765625
2024-04-24,UBS,147.0,162.1300048828125,2025-04-24,259.510009765625
2024-04-24,RBC Capital,293.0,162.1300048828125,2025-04-24,259.510009765625
2024-04-24,Truist Securities,162.0,162.1300048828125,2025-04-24,259.510009765625
2024-04-24,Canaccord Genuity,222.0,162.1300048828125,2025-04-24,259.510009765625
2024-04-24,Roth MKM,85.0,162.1300048828125,2025-04-24,259.510009765625
2024-04-24,B of A Securities,220.0,162.1300048828125,2025-04-24,259.510009765625
2024-04-24,Mizuho,180.0,162.1300048828125,2025-04-24,259.510009765625
2024-04-24,Wedbush,275.0,162.1300048828125,2025-04-24,259.510009765625
2024-04-25,Deutsche Bank,136.0,170.17999267578125,2025-04-25,284.95001220703125
2024-04-29,Wedbush,275.0,194.0500030517578,2025-04-29,292.0299987792969
2024-04-29,Evercore ISI Group,145.0,194.0500030517578,2025-04-29,292.0299987792969
2024-05-02,Cantor Fitzgerald,230.0,180.00999450683594,2025-05-02,287.2099914550781
2024-05-29,GLJ Research,22.86,176.19000244140625,2025-05-29,358.42999267578125
2024-06-10,Bernstein,120.0,173.7899932861328,2025-06-10,326.0899963378906
2024-06-12,Cantor Fitzgerald,230.0,177.2899932861328,2025-06-12,319.1099853515625
2024-06-12,Morgan Stanley,310.0,177.2899932861328,2025-06-12,319.1099853515625
2024-06-14,Goldman Sachs,175.0,178.00999450683594,2025-06-16,329.1300048828125
2024-06-14,Cantor Fitzgerald,230.0,178.00999450683594,2025-06-16,329.1300048828125
2024-06-14,Wedbush,275.0,178.00999450683594,2025-06-16,329.1300048828125
2024-06-17,Cantor Fitzgerald,230.0,187.44000244140625,2025-06-17,316.3500061035156
2024-06-18,GLJ Research,22.86,184.86000061035156,2025-06-18,322.04998779296875
2024-06-20,RBC Capital,227.0,181.57000732421875,2025-06-20,322.1600036621094
2024-06-20,Morgan Stanley,310.0,181.57000732421875,2025-06-20,322.1600036621094
2024-06-24,Cantor Fitzgerald,230.0,182.5800018310547,2025-06-24,340.4700012207031
2024-06-25,New Street Research,235.0,187.35000610351562,2025-06-25,327.54998779296875
2024-06-25,Stifel,265.0,187.35000610351562,2025-06-25,327.54998779296875
2024-06-25,Morgan Stanley,310.0,187.35000610351562,2025-06-25,327.54998779296875
2024-06-25,Guggenheim,126.0,187.35000610351562,2025-06-25,327.54998779296875
2024-06-25,RBC Capital,227.0,187.35000610351562,2025-06-25,327.54998779296875
2024-06-26,Stifel,265.0,196.3699951171875,2025-06-26,325.7799987792969
2024-07-01,Wells Fargo,120.0,209.86000061035156,2025-07-01,300.7099914550781
2024-07-01,Cantor Fitzgerald,230.0,209.86000061035156,2025-07-01,300.7099914550781
2024-07-03,Goldman Sachs,175.0,246.38999938964844,2025-07-03,315.3500061035156
2024-07-03,Guggenheim,134.0,246.38999938964844,2025-07-03,315.3500061035156
2024-07-03,Truist Securities,162.0,246.38999938964844,2025-07-03,315.3500061035156
2024-07-03,Wedbush,300.0,246.38999938964844,2025-07-03,315.3500061035156
2024-07-03,Canaccord Genuity,254.0,246.38999938964844,2025-07-03,315.3500061035156
2024-07-03,TD Cowen,180.0,246.38999938964844,2025-07-03,315.3500061035156
2024-07-10,Goldman Sachs,248.0,263.260009765625,2025-07-10,309.8699951171875
2024-07-10,Morgan Stanley,310.0,263.260009765625,2025-07-10,309.8699951171875
2024-07-11,Wedbush,300.0,241.02999877929688,2025-07-11,313.510009765625
2024-07-12,Citigroup,274.0,248.22999572753906,2025-07-14,316.8999938964844
2024-07-12,Mizuho,230.0,248.22999572753906,2025-07-14,316.8999938964844
2024-07-12,UBS,197.0,248.22999572753906,2025-07-14,316.8999938964844
2024-07-15,Cantor Fitzgerald,230.0,252.63999938964844,2025-07-15,310.7799987792969
2024-07-16,Baird,280.0,256.55999755859375,2025-07-16,321.6700134277344
2024-07-17,Cantor Fitzgerald,230.0,248.5,2025-07-17,319.4100036621094
2024-07-17,Barclays,225.0,248.5,2025-07-17,319.4100036621094
2024-07-18,Morgan Stanley,310.0,249.22999572753906,2025-07-18,329.6499938964844
2024-07-22,Cantor Fitzgerald,230.0,251.50999450683594,2025-07-22,332.1099853515625
2024-07-23,Guggenheim,134.0,246.3800048828125,2025-07-23,332.55999755859375
2024-07-23,GLJ Research,24.86,246.3800048828125,2025-07-23,332.55999755859375
2024-07-24,New Street Research,225.0,215.99000549316406,2025-07-24,305.29998779296875
2024-07-24,Guggenheim,134.0,215.99000549316406,2025-07-24,305.29998779296875
2024-07-24,Wedbush,300.0,215.99000549316406,2025-07-24,305.29998779296875
2024-07-24,Cantor Fitzgerald,230.0,215.99000549316406,2025-07-24,305.29998779296875
2024-07-24,Roth MKM,85.0,215.99000549316406,2025-07-24,305.29998779296875
2024-07-24,Piper Sandler,300.0,215.99000549316406,2025-07-24,305.29998779296875
2024-07-24,Goldman Sachs,230.0,215.99000549316406,2025-07-24,305.29998779296875
2024-07-24,Truist Securities,215.0,215.99000549316406,2025-07-24,305.29998779296875
2024-07-24,Citigroup,258.0,215.99000549316406,2025-07-24,305.29998779296875
2024-07-25,Barclays,220.0,220.25,2025-07-25,316.05999755859375
2024-07-25,KGI Securities,236.0,220.25,2025-07-25,316.05999755859375
2024-07-26,Argus Research,286.0,219.8000030517578,2025-07-28,325.5899963378906
2024-07-29,Morgan Stanley,310.0,232.10000610351562,2025-07-29,321.20001220703125
2024-07-29,Truist Securities,215.0,232.10000610351562,2025-07-29,321.20001220703125
2024-08-01,Cantor Fitzgerald,245.0,216.86000061035156,2025-08-01,302.6300048828125
2024-08-05,Cantor Fitzgerald,245.0,198.8800048828125,2025-08-05,308.7200012207031
2024-08-08,RBC Capital,224.0,198.83999633789062,2025-08-08,329.6499938964844
2024-08-14,Truist Securities,215.0,201.3800048828125,2025-08-14,335.5799865722656
2024-08-16,Cantor Fitzgerald,245.0,216.1199951171875,2025-08-18,335.1600036621094
2024-08-19,Cantor Fitzgerald,245.0,222.72000122070312,2025-08-19,329.30999755859375
2024-08-19,Piper Sandler,300.0,222.72000122070312,2025-08-19,329.30999755859375
2024-08-20,Baird,280.0,221.10000610351562,2025-08-20,323.8999938964844
2024-09-03,Cantor Fitzgerald,245.0,210.60000610351562,2025-09-03,334.0899963378906
2024-09-05,GLJ Research,24.86,230.1699981689453,2025-09-05,350.8399963378906
2024-09-05,Morgan Stanley,310.0,230.1699981689453,2025-09-05,350.8399963378906
2024-09-09,Cantor Fitzgerald,245.0,216.27000427246094,2025-09-09,346.9700012207031
2024-09-13,Guggenheim,153.0,230.2899932861328,2025-09-15,410.0400085449219
2024-09-13,Canaccord Genuity,254.0,230.2899932861328,2025-09-15,410.0400085449219
2024-09-16,Canaccord Genuity,254.0,226.77999877929688,2025-09-16,421.6199951171875
2024-09-16,Cantor Fitzgerald,245.0,226.77999877929688,2025-09-16,421.6199951171875
2024-09-23,Cantor Fitzgerald,245.0,250.0,2025-09-23,425.8500061035156
2024-09-24,Cantor Fitzgerald,245.0,254.27000427246094,2025-09-24,442.7900085449219
2024-09-25,RBC Capital,224.0,257.0199890136719,2025-09-25,423.3900146484375
2024-09-25,Piper Sandler,310.0,257.0199890136719,2025-09-25,423.3900146484375
2024-09-26,GLJ Research,24.86,254.22000122070312,2025-09-26,440.3999938964844
2024-09-30,Cantor Fitzgerald,245.0,261.6300048828125,2025-09-30,444.7200012207031
2024-10-03,Bernstein,120.0,240.66000366210938,2025-10-03,429.8299865722656
2024-10-03,Truist Securities,236.0,240.66000366210938,2025-10-03,429.8299865722656
2024-10-03,Morgan Stanley,310.0,240.66000366210938,2025-10-03,429.8299865722656
2024-10-08,RBC Capital,236.0,244.5,2025-10-08,438.69000244140625
2024-10-08,Truist Securities,236.0,244.5,2025-10-08,438.69000244140625
2024-10-10,Cantor Fitzgerald,245.0,238.77000427246094,2025-10-10,413.489990234375
2024-10-11,HSBC,124.0,217.8000030517578,2025-10-13,435.8999938964844
2024-10-11,Goldman Sachs,230.0,217.8000030517578,2025-10-13,435.8999938964844
2024-10-11,Roth MKM,85.0,217.8000030517578,2025-10-13,435.8999938964844
2024-10-11,Cantor Fitzgerald,245.0,217.8000030517578,2025-10-13,435.8999938964844
2024-10-17,GLJ Research,24.86,220.88999938964844,2025-10-17,439.30999755859375
2024-10-21,Jefferies,195.0,218.85000610351562,2025-10-21,442.6000061035156
2024-10-23,Cantor Fitzgerald,245.0,213.64999389648438,2025-10-23,448.9800109863281
2024-10-24,Guggenheim,156.0,260.4800109863281,2025-10-24,433.7200012207031
2024-10-24,KGI Securities,276.0,260.4800109863281,2025-10-24,433.7200012207031
2024-10-24,RBC Capital,249.0,260.4800109863281,2025-10-24,433.7200012207031
2024-10-24,Truist Securities,238.0,260.4800109863281,2025-10-24,433.7200012207031
2024-10-24,Cantor Fitzgerald,255.0,260.4800109863281,2025-10-24,433.7200012207031
2024-10-24,Wedbush,300.0,260.4800109863281,2025-10-24,433.7200012207031
2024-10-24,JP Morgan,135.0,260.4800109863281,2025-10-24,433.7200012207031
2024-10-24,Goldman Sachs,250.0,260.4800109863281,2025-10-24,433.7200012207031
2024-10-24,Canaccord Genuity,278.0,260.4800109863281,2025-10-24,433.7200012207031
2024-10-24,B of A Securities,265.0,260.4800109863281,2025-10-24,433.7200012207031
2024-10-24,Wells Fargo,125.0,260.4800109863281,2025-10-24,433.7200012207031
2024-10-25,Piper Sandler,315.0,269.19000244140625,2025-10-27,452.4200134277344
2024-10-25,Stifel,287.0,269.19000244140625,2025-10-27,452.4200134277344
2024-10-28,Canaccord Genuity,298.0,262.510009765625,2025-10-28,460.54998779296875
2024-10-29,Barclays,235.0,259.5199890136719,2025-10-29,461.510009765625
2024-10-29,Piper Sandler,315.0,259.5199890136719,2025-10-29,461.510009765625
2024-11-07,B of A Securities,350.0,296.9100036621094,2025-11-07,429.5199890136719
2024-11-11,Wedbush,400.0,350.0,2025-11-11,439.6199951171875
2024-11-14,Jefferies,300.0,311.17999267578125,2025-11-14,404.3500061035156
2024-11-15,RBC Capital,313.0,320.7200012207031,2025-11-17,408.9200134277344
2024-11-18,Wedbush,400.0,338.739990234375,2025-11-18,401.25
2024-11-18,Barclays,270.0,338.739990234375,2025-11-18,401.25
2024-11-25,UBS,226.0,338.5899963378906,2025-11-25,419.3999938964844
2024-12-02,Stifel,411.0,357.0899963378906,2025-12-02,429.239990234375
2024-12-02,Roth MKM,380.0,357.0899963378906,2025-12-02,429.239990234375
2024-12-05,B of A Securities,400.0,369.489990234375,2025-12-05,455.0
2024-12-05,Guggenheim,175.0,369.489990234375,2025-12-05,455.0
2024-12-09,Deutsche Bank,370.0,389.7900085449219,2025-12-09,445.1700134277344
2024-12-10,Morgan Stanley,400.0,400.989990234375,2025-12-10,451.45001220703125
2024-12-10,Cantor Fitzgerald,365.0,400.989990234375,2025-12-10,451.45001220703125
2024-12-11,Goldman Sachs,345.0,424.7699890136719,2025-12-11,446.8900146484375
2024-12-16,Truist Securities,360.0,463.0199890136719,2025-12-16,489.8800048828125
2024-12-17,Mizuho,515.0,479.8599853515625,2025-12-17,467.260009765625
2024-12-18,Baird,480.0,440.1300048828125,2025-12-18,483.3699951171875
2025-01-02,Truist Securities,360.0,379.2799987792969,2026-01-02,438.07000732421875
2025-01-03,Evercore ISI Group,275.0,410.44000244140625,2026-01-05,451.6700134277344
2025-01-03,Truist Securities,351.0,410.44000244140625,2026-01-05,451.6700134277344
2025-01-03,GLJ Research,24.86,410.44000244140625,2026-01-05,451.6700134277344
2025-01-03,Canaccord Genuity,404.0,410.44000244140625,2026-01-05,451.6700134277344
2025-01-06,Stifel,492.0,411.04998779296875,2026-01-06,432.9599914550781
2025-01-07,B of A Securities,490.0,394.3599853515625,2026-01-07,431.4100036621094
2025-01-13,Morgan Stanley,430.0,403.30999755859375,2026-01-13,447.20001220703125
2025-01-15,Barclays,325.0,428.2200012207031,2026-01-15,438.57000732421875
2025-01-21,Piper Sandler,500.0,424.07000732421875,2026-01-21,431.44000244140625
2025-01-22,Wedbush,550.0,415.1099853515625,2026-01-22,449.3599853515625
2025-01-29,Cantor Fitzgerald,365.0,389.1000061035156,2026-01-29,416.55999755859375
2025-01-29,Guggenheim,175.0,389.1000061035156,2026-01-29,416.55999755859375
2025-01-30,UBS,259.0,400.2799987792969,2026-01-30,430.4100036621094
2025-01-30,Baird,440.0,400.2799987792969,2026-01-30,430.4100036621094
2025-01-30,Mizuho,515.0,400.2799987792969,2026-01-30,430.4100036621094
2025-01-30,Cantor Fitzgerald,425.0,400.2799987792969,2026-01-30,430.4100036621094
2025-01-30,Wells Fargo,135.0,400.2799987792969,2026-01-30,430.4100036621094
2025-01-30,Truist Securities,373.0,400.2799987792969,2026-01-30,430.4100036621094
2025-01-30,RBC Capital,440.0,400.2799987792969,2026-01-30,430.4100036621094
2025-01-31,Guggenheim,175.0,404.6000061035156,2026-02-02,421.80999755859375
2025-02-10,Stifel,474.0,350.7300109863281,2026-02-10,425.2099914550781
2025-02-12,GLJ Research,24.86,336.510009765625,2026-02-12,417.07000732421875
2025-02-12,Benchmark,475.0,336.510009765625,2026-02-12,417.07000732421875
2025-03-04,B of A Securities,380.0,272.0400085449219,2026-03-04,405.94000244140625
2025-03-06,Baird,370.0,263.45001220703125,2026-03-06,396.7300109863281
2025-03-07,Wedbush,550.0,262.6700134277344,2026-03-09,398.67999267578125
2025-03-10,UBS,225.0,222.14999389648438,2026-03-10,399.239990234375
2025-03-11,Wedbush,550.0,230.5800018310547,2026-03-11,407.82000732421875
2025-03-11,Canaccord Genuity,404.0,230.5800018310547,2026-03-11,407.82000732421875
2025-03-12,JP Morgan,120.0,248.08999633789062,2026-03-12,395.010009765625
2025-03-12,Guggenheim,170.0,248.08999633789062,2026-03-12,395.010009765625
2025-03-14,Wells Fargo,130.0,249.97999572753906,2026-03-16,395.55999755859375
2025-03-17,Mizuho,430.0,238.00999450683594,2026-03-17,399.2699890136719
2025-03-17,Canaccord Genuity,404.0,238.00999450683594,2026-03-17,399.2699890136719
2025-03-18,RBC Capital,320.0,225.30999755859375,2026-03-18,392.7799987792969
2025-03-19,Cantor Fitzgerald,425.0,235.86000061035156,2026-03-19,380.29998779296875
2025-03-20,Piper Sandler,450.0,236.25999450683594,2026-03-20,367.9599914550781
2025-03-20,Wedbush,550.0,236.25999450683594,2026-03-20,367.9599914550781
2025-03-21,Morgan Stanley,410.0,248.7100067138672,2026-03-23,380.8500061035156
2025-03-21,Wedbush,550.0,248.7100067138672,2026-03-23,380.8500061035156
2025-03-27,Wedbush,550.0,273.1300048828125,2026-03-27,361.8299865722656
2025-03-28,Deutsche Bank,345.0,263.54998779296875,2026-03-30,355.2799987792969
2025-03-31,Stifel,455.0,259.1600036621094,2026-03-31,371.75
2025-04-03,Goldman Sachs,275.0,267.2799987792969,2026-04-06,352.82000732421875
2025-04-03,Truist Securities,280.0,267.2799987792969,2026-04-06,352.82000732421875
2025-04-03,Cantor Fitzgerald,425.0,267.2799987792969,2026-04-06,352.82000732421875
2025-04-07,Wedbush,315.0,233.2899932861328,2026-04-07,346.6499938964844
2025-04-09,Benchmark,350.0,272.20001220703125,2026-04-09,345.6199951171875
2025-04-10,Mizuho,375.0,252.39999389648438,2026-04-10,348.95001220703125
2025-04-10,UBS,190.0,252.39999389648438,2026-04-10,348.95001220703125
2025-04-16,Piper Sandler,400.0,241.5500030517578,2026-04-16,388.8999938964844
2025-04-17,Barclays,275.0,241.3699951171875,2026-04-17,400.6199951171875
2025-04-22,B of A Securities,305.0,237.97000122070312,2026-04-22,387.510009765625
2025-04-23,Roth MKM,395.0,250.74000549316406,2026-04-23,373.7200012207031
2025-04-23,RBC Capital,307.0,250.74000549316406,2026-04-23,373.7200012207031
2025-04-23,JP Morgan,115.0,250.74000549316406,2026-04-23,373.7200012207031
2025-04-23,Cantor Fitzgerald,355.0,250.74000549316406,2026-04-23,373.7200012207031
2025-04-23,Mizuho,325.0,250.74000549316406,2026-04-23,373.7200012207031
2025-04-23,Benchmark,350.0,250.74000549316406,2026-04-23,373.7200012207031
2025-04-23,GLJ Research,19.05,250.74000549316406,2026-04-23,373.7200012207031
2025-04-23,Wedbush,350.0,250.74000549316406,2026-04-23,373.7200012207031
2025-04-23,Canaccord Genuity,303.0,250.74000549316406,2026-04-23,373.7200012207031
2025-04-23,Baird,320.0,250.74000549316406,2026-04-23,373.7200012207031
2025-04-24,Stifel,450.0,259.510009765625,2026-04-24,376.29998779296875
2025-04-24,Guggenheim,170.0,259.510009765625,2026-04-24,376.29998779296875
2025-05-01,Wedbush,350.0,280.5199890136719,2026-05-01,390.82000732421875
2025-05-06,Goldman Sachs,235.0,275.3500061035156,2026-05-06,398.7300109863281
2025-05-16,Mizuho,390.0,349.9800109863281,2026-05-18,409.989990234375
2025-05-23,Wedbush,500.0,339.3399963378906,2026-05-26,433.5899963378906
2025-06-06,Goldman Sachs,285.0,295.1400146484375,2026-06-08,408.95001220703125
2025-06-09,Baird,320.0,308.5799865722656,2026-06-09,396.67999267578125
2025-06-09,Morgan Stanley,410.0,308.5799865722656,2026-06-09,396.67999267578125
2025-06-11,Piper Sandler,400.0,326.42999267578125,2026-06-11,399.1499938964844
2025-06-20,Wedbush,500.0,322.1600036621094,2026-06-22,405.04998779296875
2025-06-23,UBS,215.0,348.67999267578125,2026-06-23,381.6099853515625
2025-06-23,Guggenheim,175.0,348.67999267578125,2026-06-23,381.6099853515625
2025-06-23,Wedbush,500.0,348.67999267578125,2026-06-23,381.6099853515625
2025-06-26,Benchmark,475.0,325.7799987792969,2026-06-26,379.7099914550781
2025-06-30,Canaccord Genuity,303.0,317.6600036621094,2026-06-30,420.6000061035156
2025-07-01,Wedbush,500.0,300.7099914550781,2026-07-01,425.29998779296875
2025-07-03,HSBC,120.0,315.3500061035156,2026-07-06,419.7699890136719
2025-07-03,Goldman Sachs,315.0,315.3500061035156,2026-07-06,419.7699890136719
2025-07-08,Wedbush,500.0,297.80999755859375,2026-07-08,394.05999755859375
2025-07-08,Guggenheim,175.0,297.80999755859375,2026-07-08,394.05999755859375
2025-07-08,Mizuho,375.0,297.80999755859375,2026-07-08,394.05999755859375
2025-07-11,Goldman Sachs,285.0,313.510009765625,2026-07-13,394.760009765625
2025-07-21,B of A Securities,341.0,328.489990234375,,
2025-07-22,Wedbush,500.0,332.1099853515625,,
2025-07-23,Guggenheim,175.0,332.55999755859375,,
2025-07-24,Cantor Fitzgerald,355.0,305.29998779296875,,
2025-07-24,Wedbush,500.0,305.29998779296875,,
2025-07-24,GLJ Research,19.05,305.29998779296875,,
2025-07-25,China Renaissance,349.0,316.05999755859375,,
2025-07-29,RBC Capital,325.0,321.20001220703125,,
2025-08-04,Wedbush,500.0,309.260009765625,,
2025-09-15,Wedbush,500.0,410.0400085449219,,
2025-09-18,Goldman Sachs,395.0,416.8500061035156,,
2025-09-19,Baird,548.0,426.07000732421875,,
2025-09-22,Piper Sandler,500.0,434.2099914550781,,
2025-09-23,Mizuho,450.0,425.8500061035156,,
2025-09-26,Wedbush,600.0,440.3999938964844,,
2025-09-26,Deutsche Bank,435.0,440.3999938964844,,
2025-09-30,Canaccord Genuity,490.0,444.7200012207031,,
2025-10-02,Morgan Stanley,410.0,436.0,,
2025-10-03,Cantor Fitzgerald,355.0,429.8299865722656,,
2025-10-03,Canaccord Genuity,490.0,429.8299865722656,,
2025-10-06,UBS,247.0,453.25,,
2025-10-08,Stifel,483.0,438.69000244140625,,
2025-10-13,Evercore ISI Group,300.0,435.8999938964844,,
2025-10-13,Melius Research,520.0,435.8999938964844,,
2025-10-16,Barclays,350.0,428.75,,
2025-10-17,Barclays,350.0,439.30999755859375,,
2025-10-20,Wedbush,600.0,447.42999267578125,,
2025-10-21,Cantor Fitzgerald,355.0,442.6000061035156,,
2025-10-22,GLJ Research,19.05,438.9700012207031,,
2025-10-23,Truist Securities,406.0,448.9800109863281,,
2025-10-23,RBC Capital,500.0,448.9800109863281,,
2025-10-23,Canaccord Genuity,482.0,448.9800109863281,,
2025-10-23,Cantor Fitzgerald,510.0,448.9800109863281,,
2025-10-24,Freedom Broker,406.0,433.7200012207031,,
2025-10-29,B of A Securities,471.0,461.510009765625,,
2025-11-05,Wedbush,600.0,462.07000732421875,,
2025-11-07,Wedbush,600.0,429.5199890136719,,
2025-11-17,Stifel,508.0,408.9200134277344,,
2025-11-25,Mizuho,475.0,419.3999938964844,,
2025-12-08,Morgan Stanley,425.0,439.5799865722656,,
2025-12-09,Piper Sandler,500.0,445.1700134277344,,
2025-12-15,Wedbush,600.0,475.30999755859375,,
2025-12-19,Truist Securities,444.0,481.20001220703125,,
2025-12-19,Deutsche Bank,500.0,481.20001220703125,,
2025-12-23,Canaccord Genuity,551.0,485.55999755859375,,
2025-12-30,Baird,548.0,454.42999267578125,,
2026-01-02,Truist Securities,439.0,438.07000732421875,,
2026-01-07,GLJ Research,25.28,431.4100036621094,,
2026-01-12,Wells Fargo,130.0,448.9599914550781,,
2026-01-14,UBS,307.0,439.20001220703125,,
2026-01-23,Barclays,360.0,449.05999755859375,,
2026-01-29,Freedom Broker,440.0,416.55999755859375,,
2026-01-29,Truist Securities,438.0,416.55999755859375,,
2026-01-29,Mizuho,540.0,416.55999755859375,,
2026-01-29,GLJ Research,25.28,416.55999755859375,,
2026-01-29,Wells Fargo,125.0,416.55999755859375,,
2026-01-29,Cantor Fitzgerald,510.0,416.55999755859375,,
2026-01-29,Wedbush,600.0,416.55999755859375,,
2026-01-29,RBC Capital,500.0,416.55999755859375,,
2026-01-29,Morgan Stanley,415.0,416.55999755859375,,
2026-01-30,JP Morgan,145.0,430.4100036621094,,
2026-02-19,GLJ Research,25.28,411.7099914550781,,
2026-03-12,GLJ Research,25.28,395.010009765625,,
2026-03-27,Wedbush,600.0,361.8299865722656,,
2026-03-30,GLJ Research,24.86,355.2799987792969,,
2026-03-31,Canaccord Genuity,420.0,371.75,,
2026-04-06,Baird,538.0,352.82000732421875,,
2026-04-06,Canaccord Genuity,420.0,352.82000732421875,,
2026-04-14,UBS,352.0,364.20001220703125,,
2026-04-15,TD Cowen,490.0,391.95001220703125,,
2026-04-21,Wedbush,600.0,386.4200134277344,,
2026-04-22,Cantor Fitzgerald,510.0,387.510009765625,,
2026-04-23,UBS,364.0,373.7200012207031,,
2026-04-23,RBC Capital,475.0,373.7200012207031,,
2026-04-23,Canaccord Genuity,450.0,373.7200012207031,,
2026-04-23,Cantor Fitzgerald,510.0,373.7200012207031,,
2026-04-23,Wedbush,600.0,373.7200012207031,,
2026-04-23,Mizuho,480.0,373.7200012207031,,
2026-04-23,TD Cowen,490.0,373.7200012207031,,
2026-06-04,TD Cowen,490.0,418.45001220703125,,
2026-06-05,JP Morgan,475.0,391.0,,
2026-06-12,GLJ Research,24.86,406.42999267578125,,
2026-07-02,Truist Securities,430.0,393.45001220703125,,
2026-07-02,Morgan Stanley,415.0,393.45001220703125,,
2026-07-02,Freedom Broker,420.0,393.45001220703125,,
2026-07-07,RBC Capital,500.0,402.8999938964844,,
2026-07-09,UBS,442.0,406.54998779296875,,
2026-07-13,Jefferies,400.0,394.760009765625,,
2026-07-14,Wells Fargo,130.0,396.17999267578125,,
2026-07-14,Barclays,370.0,396.17999267578125,,
2026-07-14,Morgan Stanley,417.0,396.17999267578125,,
